,model,seed,test_source,source_class_quota,n_train_used,n_test_raw,n_test_ratio_matched,n_test_evaluated,target_normal_pct,target_attack_pct,actual_normal_pct,actual_attack_pct,fit_seconds,prediction_seconds,n_test,tn,fp,fn,tp,accuracy,balanced_accuracy,precision,recall,specificity,f1,macro_f1,mcc,false_positive_rate,roc_auc
1,alzughabi_pso_dnn,11,CIC-IDS2017,11631,116310,246625,237187,237187,85.00966629529418,14.99033370470582,85.00971807055193,14.990281929448072,32.19545294,1.2326525040007257,237187,194715,6917,276,35279,0.96967371736225,0.978966154042666,0.8360745094321737,0.9922373787090424,0.9656949293762894,0.9074867204280332,0.9446755552707832,0.8941738529614854,0.0343050706237105,0.9967660367285388
2,alzughabi_pso_dnn,11,CSE-CIC-IDS2018,11631,116310,332335,161972,161972,85.00966629529418,14.99033370470582,85.0097547724298,14.990245227570195,32.19545294,1.0199936059998436,161972,127634,10058,11998,12282,0.8638283160052355,0.7164006721589207,0.5497761862130707,0.505848434925865,0.9269529093919764,0.5268983268983269,0.7236834021014258,0.4480569648675593,0.0730470906080237,0.7572721798241674
3,alzughabi_pso_dnn,11,DARPA,11631,116310,487830,233631,233631,85.00966629529418,14.99033370470582,85.00969477509406,14.990305224905942,32.19545294,1.1624401450008008,233631,193415,5194,1190,33832,0.9726748590726402,0.9699347358169196,0.8669092399938503,0.9660213580035406,0.9738481136302988,0.9137856525496976,0.9487751092047546,0.8994633254180775,0.0261518863697012,0.9927832745668516
4,alzughabi_pso_dnn,11,UNSW-NB15,11631,116310,62727,19400,19400,85.00966629529418,14.99033370470582,85.01030927835052,14.989690721649485,32.19545294,0.7031978949999029,19400,15842,650,49,2859,0.9639690721649484,0.9718684412366498,0.8147620404673697,0.9831499312242092,0.9605869512490904,0.8910705937353903,0.9347425969943048,0.8752205261094244,0.0394130487509095,0.9842211333509708
5,alzughabi_pso_dnn,11,POOLED_ALL_ROWS,11631,116310,3122321,2469185,2469185,85.00966629529418,14.99033370470582,85.00966918234154,14.990330817658458,32.19545294,,2469185,1956961,142085,177309,192830,0.8706480073384538,0.7266380866028311,0.5757580281563979,0.5209664477399031,0.9323097254657592,0.5469935636135672,0.7357729265595023,0.4725680032564561,0.0676902745342408,0.7162270890548377
7,alzughabi_pso_dnn,22,CIC-IDS2017,11631,116310,246625,237187,237187,85.00966629529418,14.99033370470582,85.00971807055193,14.990281929448072,27.34734275899973,0.9125737150006898,237187,193118,8514,316,35239,0.9627719900331806,0.974443460362179,0.8054076291911412,0.9911123611306428,0.9577745595937152,0.8886619256569325,0.9331556149119156,0.873321609154995,0.0422254404062847,0.9971693508045087
8,alzughabi_pso_dnn,22,CSE-CIC-IDS2018,11631,116310,332335,161972,161972,85.00966629529418,14.99033370470582,85.0097547724298,14.990245227570195,27.34734275899973,0.734421377000217,161972,128201,9491,12044,12236,0.8670449213444299,0.7175123335940525,0.5631702489989414,0.5039538714991763,0.9310707956889288,0.5319190557958572,0.7272187341209215,0.4556684957705601,0.068929204311071,0.7629141011112787
9,alzughabi_pso_dnn,22,DARPA,11631,116310,487830,233631,233631,85.00966629529418,14.99033370470582,85.00969477509406,14.990305224905942,27.34734275899973,0.8925493509996159,233631,193115,5494,1209,33813,0.9713094580770532,0.9689082249674548,0.8602284580354644,0.965478841870824,0.9723376080640858,0.9098198549691238,0.9463804835335576,0.8949311201073776,0.0276623919359142,0.9920991868153476
10,alzughabi_pso_dnn,22,UNSW-NB15,11631,116310,62727,19400,19400,85.00966629529418,14.99033370470582,85.01030927835052,14.989690721649485,27.34734275899973,0.4345206399993913,19400,15785,707,46,2862,0.9611855670103092,0.9706561490694834,0.8019052956010086,0.984181568088033,0.9571307300509336,0.8837424733672997,0.9302231842132728,0.8672416927682165,0.0428692699490662,0.983173858043298
11,alzughabi_pso_dnn,22,POOLED_ALL_ROWS,11631,116310,3122321,2469185,2469185,85.00966629529418,14.99033370470582,85.00966918234154,14.990330817658458,27.34734275899973,,2469185,1962044,137002,177731,192408,0.872535674726681,0.7272788186277694,0.584098843386661,0.5198263355117942,0.9347313017437444,0.5500915589901494,0.7379207157096495,0.4772323952791572,0.0652686982562554,0.6988920167151297
13,alzughabi_pso_dnn,33,CIC-IDS2017,11631,116310,246625,237187,237187,85.00966629529418,14.99033370470582,85.00971807055193,14.990281929448072,27.34953545099961,0.9332866889999424,237187,193092,8540,283,35272,0.9628015026118631,0.974843056220236,0.8050762348215101,0.9920405006328225,0.9576456118076496,0.8888328902440561,0.933248288608346,0.8736016685077144,0.0423543881923504,0.9971569151538382
14,alzughabi_pso_dnn,33,CSE-CIC-IDS2018,11631,116310,332335,161972,161972,85.00966629529418,14.99033370470582,85.0097547724298,14.990245227570195,27.34953545099961,0.7474130430000514,161972,127249,10443,11888,12392,0.8621304916899217,0.7172678632217904,0.5426757171009415,0.5103789126853377,0.924156813758243,0.5260320492412183,0.7226824613017372,0.4457407696692317,0.0758431862417569,0.7553895604800169
15,alzughabi_pso_dnn,33,DARPA,11631,116310,487830,233631,233631,85.00966629529418,14.99033370470582,85.00969477509406,14.990305224905942,27.34953545099961,0.9023985269996048,233631,193588,5021,1354,33668,0.9727133813577822,0.9680288795069624,0.8702215099899197,0.9613385871737764,0.9747191718401482,0.9135135868459252,0.948657461951311,0.898930509907262,0.0252808281598517,0.9923589801579724
16,alzughabi_pso_dnn,33,UNSW-NB15,11631,116310,62727,19400,19400,85.00966629529418,14.99033370470582,85.01030927835052,14.989690721649485,27.34953545099961,0.4431889970001066,19400,15803,689,56,2852,0.96159793814433,0.9694824734329944,0.8054221971194577,0.9807427785419532,0.958222168324036,0.884478213676539,0.9307247796149998,0.8677255410088753,0.0417778316759641,0.9834986372451516
17,alzughabi_pso_dnn,33,POOLED_ALL_ROWS,11631,116310,3122321,2469185,2469185,85.00966629529418,14.99033370470582,85.00966918234154,14.990330817658458,27.34953545099961,,2469185,1951583,147463,177364,192775,0.8684476861798529,0.7252827320329659,0.566588682040219,0.5208178549139647,0.9297476091519672,0.5427399817280121,0.7329561382393683,0.4666351700974592,0.0702523908480328,0.6711486793284106
19,alzughabi_pso_dnn,44,CIC-IDS2017,11631,116310,246625,237187,237187,85.00966629529418,14.99033370470582,85.00971807055193,14.990281929448072,27.75107452199973,0.9472575890004008,237187,193690,7942,255,35300,0.9654407703626252,0.9767197119124316,0.8163359696591277,0.9928280129377022,0.9606114108871608,0.8959731969491225,0.9376257837659204,0.8815176169132454,0.0393885891128392,0.996535665398418
20,alzughabi_pso_dnn,44,CSE-CIC-IDS2018,11631,116310,332335,161972,161972,85.00966629529418,14.99033370470582,85.0097547724298,14.990245227570195,27.75107452199973,0.782337572999495,161972,128267,9425,12052,12228,0.8674030079272961,0.7175872542882878,0.5647254422020044,0.5036243822075782,0.9315501263689976,0.5324276663836457,0.7275876637237082,0.4564832689911677,0.0684498736310025,0.7609375781445884
21,alzughabi_pso_dnn,44,DARPA,11631,116310,487830,233631,233631,85.00966629529418,14.99033370470582,85.00969477509406,14.990305224905942,27.75107452199973,0.8948551289995521,233631,193317,5292,1261,33761,0.9719514961627524,0.9686743713440116,0.8644918444165621,0.9639940608760208,0.9733546818120024,0.9115356058049274,0.9474346179294102,0.8968030304106788,0.0266453181879975,0.9915263408850252
22,alzughabi_pso_dnn,44,UNSW-NB15,11631,116310,62727,19400,19400,85.00966629529418,14.99033370470582,85.01030927835052,14.989690721649485,27.75107452199973,0.4378638139996837,19400,15806,686,48,2860,0.9621649484536082,0.9709489424408516,0.8065425831923294,0.9834938101788172,0.9584040747028862,0.8862720793306477,0.9317899690538108,0.869959216065189,0.0415959252971137,0.9826441630988774
23,alzughabi_pso_dnn,44,POOLED_ALL_ROWS,11631,116310,3122321,2469185,2469185,85.00966629529418,14.99033370470582,85.00966918234154,14.990330817658458,27.75107452199973,,2469185,1964328,134718,177519,192620,0.8735465345852984,0.7281092542096562,0.5884437492744503,0.520399093313593,0.9358194151057194,0.5523336253381832,0.7393541649555087,0.4802571812082252,0.0641805848942805,0.6854842875760807
25,alzughabi_pso_dnn,55,CIC-IDS2017,11631,116310,246625,237187,237187,85.00966629529418,14.99033370470582,85.00971807055193,14.990281929448072,27.093027206999977,0.9153199460006364,237187,194021,7611,368,35187,0.9663598763844562,0.9759514268365524,0.8221645871302398,0.9896498382787232,0.9622530153943818,0.8981659923678736,0.939009035459632,0.8836394958865549,0.0377469846056181,0.9965625306248028
26,alzughabi_pso_dnn,55,CSE-CIC-IDS2018,11631,116310,332335,161972,161972,85.00966629529418,14.99033370470582,85.0097547724298,14.990245227570195,27.093027206999977,0.7538169489998836,161972,126177,11515,11644,12636,0.857018497024177,0.7183998287896186,0.5232081487309014,0.5204283360790775,0.9163713215001598,0.5218145402737916,0.7188784003557965,0.4377596487162553,0.0836286784998402,0.7647999863757714
27,alzughabi_pso_dnn,55,DARPA,11631,116310,487830,233631,233631,85.00966629529418,14.99033370470582,85.00969477509406,14.990305224905942,27.093027206999977,0.9020157519998976,233631,192565,6044,1119,33903,0.9693405412809089,0.9688085014952112,0.8486995268731069,0.9680486551310604,0.969568347859362,0.904453840920914,0.9430972648204125,0.8890096004322656,0.0304316521406381,0.983257455796372
28,alzughabi_pso_dnn,55,UNSW-NB15,11631,116310,62727,19400,19400,85.00966629529418,14.99033370470582,85.01030927835052,14.989690721649485,27.093027206999977,0.442890276000071,19400,15809,683,47,2861,0.9623711340206186,0.9712118351075808,0.8072799097065463,0.9838376891334252,0.9585859810817366,0.8868567885926845,0.932144852810006,0.8706355059754729,0.0414140189182634,0.9831002009727696
29,alzughabi_pso_dnn,55,POOLED_ALL_ROWS,11631,116310,3122321,2469185,2469185,85.00966629529418,14.99033370470582,85.00966918234154,14.990330817658458,27.093027206999977,,2469185,1940013,159033,176045,194094,0.8642961138999306,0.7243084811778389,0.5496436126379461,0.5243813810487411,0.9242355813069366,0.5367153993136689,0.728610400420564,0.4574460122299036,0.0757644186930634,0.6898681699291864
31,wang_cnn,11,CIC-IDS2017,11631,116310,246625,240549,240549,87.74521878536838,12.25478121463163,87.74511637961497,12.254883620385035,37.36784995200014,1.945932399999947,240549,210147,923,8,29471,0.996129686675064,0.9976778317674312,0.9696321642429429,0.9997286203738256,0.9956270431610368,0.9844504200557848,0.9911200999323376,0.9823904396320586,0.0043729568389633,0.9998872273297592
32,wang_cnn,11,CSE-CIC-IDS2018,11631,116310,332335,198127,198127,87.74521878536838,12.25478121463163,87.74523411751049,12.254765882489515,37.36784995200014,1.8034739779996016,198127,164997,8850,11375,12905,0.8979190115431012,0.7403002908198293,0.5931969662146633,0.5315074135090609,0.9490931681305976,0.56066036711198,0.7514553937815918,0.5040781467688888,0.0509068318694024,0.8291349322823381
33,wang_cnn,11,DARPA,11631,116310,487830,285783,285783,87.74521878536838,12.25478121463163,87.74524726803203,12.254752731967962,37.36784995200014,2.166052909999962,285783,245770,4991,463,34559,0.980915589800653,0.9834381622211784,0.8738053097345133,0.986779738450117,0.9800965859922396,0.9268626294051386,0.9579443269320932,0.9181740667402342,0.0199034140077603,0.9978125659787764
34,wang_cnn,11,UNSW-NB15,11631,116310,62727,23730,23730,87.74521878536838,12.25478121463163,87.74546986936367,12.254530130636326,37.36784995200014,0.92980335700031,23730,19975,847,5,2903,0.9640960809102402,0.9788012381624188,0.7741333333333333,0.9982806052269602,0.9593218710978773,0.8720336437368579,0.9255761571951286,0.8608555957570703,0.0406781289021227,0.9887727534507796
35,wang_cnn,11,POOLED_ALL_ROWS,11631,116310,3122321,2508537,2508537,87.74521878536838,12.25478121463163,87.74520766486602,12.254792335133985,37.36784995200014,,2508537,2091486,109635,150905,156511,0.8961386656844208,0.729654613400746,0.588064445830484,0.5091179379082416,0.9501912888932504,0.5457509388697299,0.7435585687491011,0.4890741621136391,0.0498087111067497,0.8616240764980887
37,wang_cnn,22,CIC-IDS2017,11631,116310,246625,240549,240549,87.74521878536838,12.25478121463163,87.74511637961497,12.254883620385035,25.762747683999805,1.5591599600002155,240549,210073,997,53,29426,0.9956349849718767,0.9967392792740788,0.967228741412747,0.9982021099765936,0.995276448571564,0.9824713699041768,0.9899892343685122,0.9801379653350524,0.004723551428436,0.9998910652422248
38,wang_cnn,22,CSE-CIC-IDS2018,11631,116310,332335,198127,198127,87.74521878536838,12.25478121463163,87.74523411751049,12.254765882489515,25.762747683999805,1.3155113020002318,198127,165142,8705,11440,12840,0.8983227929560332,0.7393787739411339,0.5959619401253191,0.528830313014827,0.9499272348674408,0.560392798690671,0.751453059039596,0.5042862311972213,0.050072765132559,0.8216878743403384
39,wang_cnn,22,DARPA,11631,116310,487830,285783,285783,87.74521878536838,12.25478121463163,87.74524726803203,12.254752731967962,25.762747683999805,1.7320983130002787,285783,245587,5174,509,34513,0.9801142825150552,0.982416542888744,0.8696298536044549,0.9854662783393296,0.9793668074381584,0.9239315209680226,0.9562468111686148,0.9149055100199976,0.0206331925618417,0.997745336839797
40,wang_cnn,22,UNSW-NB15,11631,116310,62727,23730,23730,87.74521878536838,12.25478121463163,87.74546986936367,12.254530130636326,25.762747683999805,0.5519326070007082,23730,19940,882,6,2902,0.9625790139064476,0.9777888414763932,0.7669133192389006,0.997936726272352,0.957640956680434,0.8673042438732815,0.9227612271171746,0.8558959067583066,0.0423590433195658,0.9883822356445814
41,wang_cnn,22,POOLED_ALL_ROWS,11631,116310,3122321,2508537,2508537,87.74521878536838,12.25478121463163,87.74520766486602,12.254792335133985,25.762747683999805,,2508537,2092162,108959,153387,154029,0.895418724140804,0.7257712964056886,0.5856883203796371,0.5010441876805372,0.9504984051308402,0.5400698452325019,0.7405357693172654,0.4833421621137752,0.0495015948691598,0.8740110733594465
43,wang_cnn,33,CIC-IDS2017,11631,116310,246625,240549,240549,87.74521878536838,12.25478121463163,87.74511637961497,12.254883620385035,25.291194405999704,1.5947245480001584,240549,210112,958,43,29436,0.9958386856731892,0.9970012779525286,0.968480621175232,0.9985413345093116,0.9954612213957454,0.9832812787065957,0.990452438273115,0.9810549572030014,0.0045387786042545,0.999935655501057
44,wang_cnn,33,CSE-CIC-IDS2018,11631,116310,332335,198127,198127,87.74521878536838,12.25478121463163,87.74523411751049,12.254765882489515,25.291194405999704,1.3882754200003546,198127,163142,10705,11090,13190,0.8899948013143085,0.7408341678028179,0.5519983260096254,0.5432454695222405,0.9384228660833952,0.5475869226777375,0.7424859133397076,0.484996450657547,0.0615771339166048,0.8262956875892566
45,wang_cnn,33,DARPA,11631,116310,487830,285783,285783,87.74521878536838,12.25478121463163,87.74524726803203,12.254752731967962,25.291194405999704,1.7364746739995098,285783,245195,5566,479,34543,0.9788475871552892,0.9820632243523356,0.8612281532823057,0.9863228827594084,0.9778035659452626,0.9195405358640242,0.9536818575661032,0.9101939610398369,0.0221964340547373,0.997750600470096
46,wang_cnn,33,UNSW-NB15,11631,116310,62727,23730,23730,87.74521878536838,12.25478121463163,87.74546986936367,12.254530130636326,25.291194405999704,0.5424138190001031,23730,19945,877,4,2904,0.962873999157185,0.9782527857465328,0.7680507802168739,0.998624484181568,0.9578810873114976,0.8682912243982658,0.9233413640815984,0.8570023688927471,0.0421189126885025,0.9892038820700304
47,wang_cnn,33,POOLED_ALL_ROWS,11631,116310,3122321,2508537,2508537,87.74521878536838,12.25478121463163,87.74520766486602,12.254792335133985,25.291194405999704,,2508537,2073287,127834,149462,157954,0.8894590751501772,0.7278675661036139,0.5526964043276834,0.513811903088974,0.941923229118254,0.5325452963904491,0.7349317634043062,0.4703601229192269,0.0580767708817461,0.8750098545818276
49,wang_cnn,44,CIC-IDS2017,11631,116310,246625,240549,240549,87.74521878536838,12.25478121463163,87.74511637961497,12.254883620385035,30.617070878999584,1.545092334000401,240549,210123,947,31,29448,0.995934300288091,0.9972308703781338,0.9688435597960192,0.9989484039485736,0.9955133368076942,0.983665697965728,0.9906719464701866,0.9814943499968428,0.0044866631923058,0.9999372192735984
50,wang_cnn,44,CSE-CIC-IDS2018,11631,116310,332335,198127,198127,87.74521878536838,12.25478121463163,87.74523411751049,12.254765882489515,30.617070878999584,1.3335229159993105,198127,164348,9499,11270,13010,0.8951732979351628,0.7405959804607298,0.5779910258118974,0.535831960461285,0.9453600004601748,0.5561136164483105,0.748341386078876,0.4972372897541893,0.0546399995398252,0.8275047056564129
51,wang_cnn,44,DARPA,11631,116310,487830,285783,285783,87.74521878536838,12.25478121463163,87.74524726803203,12.254752731967962,30.617070878999584,1.7682139200005622,285783,245712,5049,360,34662,0.9810730519310106,0.9847930185080602,0.8728563873989574,0.9897207469590544,0.9798652900570662,0.9276223355144314,0.9583676887612552,0.9191794570783736,0.0201347099429337,0.9983904960406912
52,wang_cnn,44,UNSW-NB15,11631,116310,62727,23730,23730,87.74521878536838,12.25478121463163,87.74546986936367,12.254530130636326,30.617070878999584,0.5530545419996997,23730,19984,838,4,2904,0.9645174884112936,0.9791892952076796,0.7760555852485302,0.998624484181568,0.9597541062337912,0.8733834586466166,0.926375630327964,0.8623011463995014,0.0402458937662088,0.9888802176884912
53,wang_cnn,44,POOLED_ALL_ROWS,11631,116310,3122321,2508537,2508537,87.74521878536838,12.25478121463163,87.74520766486602,12.254792335133985,30.617070878999584,,2508537,2083832,117289,152410,155006,0.8924875335703639,0.7254681307270758,0.5692576066398575,0.5042222916178728,0.9467139698362788,0.534769911214381,0.7369953976647818,0.4753583411653455,0.0532860301637211,0.8850956285231731
55,wang_cnn,55,CIC-IDS2017,11631,116310,246625,240549,240549,87.74521878536838,12.25478121463163,87.74511637961497,12.254883620385035,25.71905753600004,1.5405627430000095,240549,209951,1119,74,29405,0.9950405114966182,0.9960940898666456,0.9633403223692832,0.9974897384578852,0.9946984412754064,0.9801176607836276,0.9886422854316504,0.9774790505770432,0.0053015587245937,0.9998657817884828
56,wang_cnn,55,CSE-CIC-IDS2018,11631,116310,332335,198127,198127,87.74521878536838,12.25478121463163,87.74523411751049,12.254765882489515,25.71905753600004,1.3739620159994956,198127,165315,8532,11494,12786,0.8989234178077697,0.7387643115319006,0.599774838164931,0.5266062602965403,0.9509223627672608,0.5608140707925786,0.7518519842920732,0.5053379764702542,0.0490776372327391,0.8209158006573013
57,wang_cnn,55,DARPA,11631,116310,487830,285783,285783,87.74521878536838,12.25478121463163,87.74524726803203,12.254752731967962,25.71905753600004,1.7318757079992793,285783,245222,5539,569,34453,0.9786271401727884,0.9808321538450592,0.861497299459892,0.983753069499172,0.9779112381909468,0.9185751992961314,0.9531371863982954,0.9089801842231986,0.0220887618090532,0.9965565727069624
58,wang_cnn,55,UNSW-NB15,11631,116310,62727,23730,23730,87.74521878536838,12.25478121463163,87.74546986936367,12.254530130636326,25.71905753600004,0.5541871629993693,23730,19971,851,6,2902,0.9638853771597136,0.9785332464326894,0.773248068212097,0.997936726272352,0.9591297665930266,0.8713406395436121,0.9251676113720904,0.8600943937979876,0.0408702334069733,0.988803100083144
59,wang_cnn,55,POOLED_ALL_ROWS,11631,116310,3122321,2508537,2508537,87.74521878536838,12.25478121463163,87.74520766486602,12.254792335133985,25.71905753600004,,2508537,2092031,109090,152757,154659,0.8956176448663106,0.7267662089950457,0.5863870573916868,0.5030935279881333,0.950438890001958,0.5415562928400725,0.7413300627997912,0.4848534060216425,0.0495611099980419,0.8842186639106681
61,wang_rnn,11,CIC-IDS2017,11631,116310,246625,240549,240549,87.74521878536838,12.25478121463163,87.74511637961497,12.254883620385035,45.5536985839999,4.411186009999256,240549,209869,1201,154,29325,0.9943670520351364,0.9945429433821462,0.960656489549892,0.9947759421961396,0.9943099445681528,0.9774185484542954,0.987100365981226,0.9743954667506411,0.0056900554318472,0.9998010096226608
62,wang_rnn,11,CSE-CIC-IDS2018,11631,116310,332335,198127,198127,87.74521878536838,12.25478121463163,87.74523411751049,12.254765882489515,45.5536985839999,3.9803703319994383,198127,167945,5902,11955,12325,0.9098709413658916,0.7368350237932426,0.6761946562791463,0.5076194398682042,0.966050607718281,0.5799044863199002,0.7647124531405294,0.537416116332772,0.0339493922817189,0.8233433485070651
63,wang_rnn,11,DARPA,11631,116310,487830,285783,285783,87.74521878536838,12.25478121463163,87.74524726803203,12.254752731967962,45.5536985839999,4.573680198000147,285783,245897,4864,621,34401,0.9808071158886288,0.9814356664187094,0.8761237743537501,0.9822682885043686,0.9806030443330502,0.9261647394564324,0.9575673570291076,0.91715261042772,0.0193969556669498,0.997645343919406
64,wang_rnn,11,UNSW-NB15,11631,116310,62727,23730,23730,87.74521878536838,12.25478121463163,87.74546986936367,12.254530130636326,45.5536985839999,3.184892301999753,23730,19940,882,10,2898,0.9624104509060262,0.9771010835671772,0.7666666666666667,0.9965612104539202,0.957640956680434,0.8666267942583732,0.9223745175059156,0.8550302322008115,0.0423590433195658,0.987132425073628
65,wang_rnn,11,POOLED_ALL_ROWS,11631,116310,3122321,2508537,2508537,87.74521878536838,12.25478121463163,87.74520766486602,12.254792335133985,45.5536985839999,,2508537,2123401,77720,214395,93021,0.8835516478329799,0.6336403473773267,0.5448076326131392,0.3025899757982668,0.9646907189563864,0.389081410499062,0.662361773579267,0.3480010608591943,0.0353092810436136,0.8009945781505511
67,wang_rnn,22,CIC-IDS2017,11631,116310,246625,240549,240549,87.74521878536838,12.25478121463163,87.74511637961497,12.254883620385035,33.017350541999804,2.375565434000237,240549,210013,1057,95,29384,0.9952109549405734,0.9958847748136924,0.965277093393778,0.9967773669391772,0.9949921826882075,0.9807743658210948,0.9890195901113034,0.978204478187967,0.0050078173117922,0.999860366924714
68,wang_rnn,22,CSE-CIC-IDS2018,11631,116310,332335,198127,198127,87.74521878536838,12.25478121463163,87.74523411751049,12.254765882489515,33.017350541999804,1.8012294720001591,198127,167542,6305,11824,12456,0.9084980845619224,0.7383736522132089,0.6639304941101221,0.513014827018122,0.9637324774082958,0.5787969610371506,0.7637354952943621,0.533946979910532,0.0362675225917042,0.8287016380951309
69,wang_rnn,22,DARPA,11631,116310,487830,285783,285783,87.74521878536838,12.25478121463163,87.74524726803203,12.254752731967962,33.017350541999804,2.526695751000261,285783,245652,5109,508,34514,0.980345226972913,0.9825604251099946,0.8710597380309416,0.9854948318199988,0.9796260183999904,0.9247504856319916,0.9567234390081468,0.9157981200019693,0.0203739816000095,0.997517428058578
70,wang_rnn,22,UNSW-NB15,11631,116310,62727,23730,23730,87.74521878536838,12.25478121463163,87.74546986936367,12.254530130636326,33.017350541999804,1.0833549139997558,23730,19939,883,8,2900,0.9624525916561316,0.9774209494586787,0.7665873645255089,0.997248968363136,0.9575929305542216,0.8668360484232551,0.9224906038677388,0.8553284651222198,0.0424070694457785,0.9870235322733588
71,wang_rnn,22,POOLED_ALL_ROWS,11631,116310,3122321,2508537,2508537,87.74521878536838,12.25478121463163,87.74520766486602,12.254792335133985,33.017350541999804,,2508537,2118770,82351,214891,92525,0.8815078270721142,0.6317816589622434,0.5290891831926622,0.3009765269211752,0.9625867910033116,0.3836887196967812,0.659070788814546,0.3393799401673832,0.0374132089966885,0.8496077155545984
73,wang_rnn,33,CIC-IDS2017,11631,116310,246625,240549,240549,87.74521878536838,12.25478121463163,87.74511637961497,12.254883620385035,33.03958430500006,2.393953546000376,240549,210083,987,82,29397,0.9955559989856536,0.9962710925252504,0.9675157977883097,0.9972183588317108,0.99532382621879,0.9821425588426907,0.9898023915084226,0.9797514910383914,0.00467617378121,0.999919776057872
74,wang_rnn,33,CSE-CIC-IDS2018,11631,116310,332335,198127,198127,87.74521878536838,12.25478121463163,87.74523411751049,12.254765882489515,33.03958430500006,1.7293081969992272,198127,167319,6528,11826,12454,0.9073624493380508,0.7376910974920485,0.6560952481298072,0.5129324546952224,0.9624497402888748,0.5757477694050206,0.7618761283794209,0.5296360316449666,0.0375502597111253,0.8198028252351153
75,wang_rnn,33,DARPA,11631,116310,487830,285783,285783,87.74521878536838,12.25478121463163,87.74524726803203,12.254752731967962,33.03958430500006,2.543018031999964,285783,245961,4800,654,34368,0.980915589800653,0.9810921455381064,0.8774509803921569,0.981326023642282,0.9808582674339312,0.9264860493327942,0.9577602510705662,0.917451866007569,0.0191417325660688,0.9977546192460222
76,wang_rnn,33,UNSW-NB15,11631,116310,62727,23730,23730,87.74521878536838,12.25478121463163,87.74546986936367,12.254530130636326,33.03958430500006,1.097360003999711,23730,19935,887,9,2899,0.9622418879056048,0.9771529577289496,0.7657157950343371,0.9969050894085282,0.9574008260493708,0.8661487899611593,0.9220848448652874,0.8545738524534681,0.0425991739506291,0.9876208530893352
77,wang_rnn,33,POOLED_ALL_ROWS,11631,116310,3122321,2508537,2508537,87.74521878536838,12.25478121463163,87.74520766486602,12.254792335133985,33.03958430500006,,2508537,2116918,84203,215556,91860,0.8805044533925551,0.6302793679609671,0.5217450571670368,0.2988133343742681,0.961745401547666,0.3799958219488333,0.6569381647906486,0.3344632275707351,0.038254598452334,0.6701326911309206
79,wang_rnn,44,CIC-IDS2017,11631,116310,246625,240549,240549,87.74521878536838,12.25478121463163,87.74511637961497,12.254883620385035,32.4053061730001,2.387122695000471,240549,209977,1093,85,29394,0.9951028688541628,0.9959691073150446,0.964148653524453,0.9971165914718952,0.994821623158194,0.980355534803055,0.9887791560397692,0.9777394917444244,0.005178376841806,0.9997449649308578
80,wang_rnn,44,CSE-CIC-IDS2018,11631,116310,332335,198127,198127,87.74521878536838,12.25478121463163,87.74523411751049,12.254765882489515,32.4053061730001,1.830827648000195,198127,168011,5836,12062,12218,0.909664003391764,0.7348213862406177,0.676747535172261,0.5032125205930807,0.9664302518881546,0.5772192563896632,0.7633242529687918,0.535136489933916,0.0335697481118454,0.8215854969483145
81,wang_rnn,44,DARPA,11631,116310,487830,285783,285783,87.74521878536838,12.25478121463163,87.74524726803203,12.254752731967962,32.4053061730001,2.568279287000223,285783,245390,5371,558,34464,0.9792534895357666,0.9813241783086466,0.8651688213882265,0.9840671577865342,0.9785811988307592,0.9207956503733786,0.9544295419464016,0.9114106177884344,0.0214188011692408,0.9974834989591096
82,wang_rnn,44,UNSW-NB15,11631,116310,62727,23730,23730,87.74521878536838,12.25478121463163,87.74546986936367,12.254530130636326,32.4053061730001,1.1029530060004618,23730,19975,847,7,2901,0.9640117994100296,0.9784573592078109,0.7740128068303095,0.997592847317744,0.9593218710978773,0.8716947115384616,0.9253826954418118,0.8604237474913154,0.0406781289021227,0.9876786974865358
83,wang_rnn,44,POOLED_ALL_ROWS,11631,116310,3122321,2508537,2508537,87.74521878536838,12.25478121463163,87.74520766486602,12.254792335133985,32.4053061730001,,2508537,2120655,80466,218224,89192,0.8809305981932896,0.626788856818661,0.525716441311344,0.2901345408176543,0.9634431728196678,0.3739126424831367,0.6540609467922291,0.331135105546069,0.0365568271803322,0.858705942930698
85,wang_rnn,55,CIC-IDS2017,11631,116310,246625,240549,240549,87.74521878536838,12.25478121463163,87.74511637961497,12.254883620385035,32.44048368800031,2.358629825000208,240549,209890,1180,73,29406,0.9947910820664396,0.9959665492692422,0.9614202576342116,0.9975236609111572,0.9944094376273276,0.9791392657953883,0.9880816260193734,0.976380919288143,0.0055905623726725,0.9998102779884054
86,wang_rnn,55,CSE-CIC-IDS2018,11631,116310,332335,198127,198127,87.74521878536838,12.25478121463163,87.74523411751049,12.254765882489515,32.44048368800031,1.8140757330002089,198127,169715,4132,12360,11920,0.9167604617240456,0.7335855092866079,0.7425865935708946,0.4909390444810543,0.9762319740921614,0.5910939204601805,0.7723789627474957,0.5614280405894473,0.0237680259078385,0.8227943649327356
87,wang_rnn,55,DARPA,11631,116310,487830,285783,285783,87.74521878536838,12.25478121463163,87.74524726803203,12.254752731967962,32.44048368800031,2.5248685179994936,285783,245749,5012,682,34340,0.9800757917720788,0.9802696835479024,0.8726367147794267,0.9805265261835416,0.980012840912263,0.923440987441848,0.9559943356170124,0.9140807493957832,0.0199871590877369,0.997606142706524
88,wang_rnn,55,UNSW-NB15,11631,116310,62727,23730,23730,87.74521878536838,12.25478121463163,87.74546986936367,12.254530130636326,32.44048368800031,1.0844864769997002,23730,19963,859,6,2902,0.9635482511588708,0.9783411419278388,0.7716032969954799,0.997936726272352,0.9587455575833254,0.870295396611186,0.924544869250164,0.859006259678699,0.0412544424166746,0.9876252626408134
89,wang_rnn,55,POOLED_ALL_ROWS,11631,116310,3122321,2508537,2508537,87.74521878536838,12.25478121463163,87.74520766486602,12.254792335133985,32.44048368800031,,2508537,2141117,60004,217455,89961,0.8893940970374365,0.6326876911248118,0.5998799719934651,0.2926360371613709,0.9727393450882528,0.3933744514966734,0.666262041421234,0.3670509055700579,0.0272606549117472,0.7200265523239681
91,wang_lstm,11,CIC-IDS2017,11631,116310,246625,240549,240549,87.74521878536838,12.25478121463163,87.74511637961497,12.254883620385035,56.35446340399994,1.6019562589990528,240549,210068,1002,51,29428,0.995622513500368,0.996761357315544,0.9670719684521852,0.9982699548831372,0.9952527597479508,0.9824233420688044,0.9899616383887252,0.9800851084995734,0.004747240252049,0.9999014368470868
92,wang_lstm,11,CSE-CIC-IDS2018,11631,116310,332335,198127,198127,87.74521878536838,12.25478121463163,87.74523411751049,12.254765882489515,56.35446340399994,1.375038578000385,198127,166950,6897,11675,12605,0.9062621449878108,0.7397393746611767,0.646343964721567,0.5191515650741351,0.9603271842482184,0.5758074094376684,0.7615583496267986,0.5277966245456096,0.0396728157517817,0.8303658942932921
93,wang_lstm,11,DARPA,11631,116310,487830,285783,285783,87.74521878536838,12.25478121463163,87.74524726803203,12.254752731967962,56.35446340399994,1.8712216000003536,285783,246836,3925,304,34718,0.9852020589048334,0.9878336938214112,0.8984292109825842,0.9913197418765348,0.9843476457662874,0.9425914613452792,0.9670489024879202,0.9356109982803515,0.0156523542337125,0.9984325460998168
94,wang_lstm,11,UNSW-NB15,11631,116310,62727,23730,23730,87.74521878536838,12.25478121463163,87.74546986936367,12.254530130636326,56.35446340399994,0.2282013889998779,23730,19969,853,4,2904,0.9638853771597136,0.9788290992610846,0.7729571466595688,0.998624484181568,0.9590337143406013,0.8714178544636159,0.9252051890285968,0.8602540078650507,0.0409662856593987,0.9884363228396796
95,wang_lstm,11,POOLED_ALL_ROWS,11631,116310,3122321,2508537,2508537,87.74521878536838,12.25478121463163,87.74520766486602,12.254792335133985,56.35446340399994,,2508537,2114154,86967,148450,158966,0.9061536664597732,0.7387967685126355,0.6463792984268073,0.5171038592656205,0.9604896777596508,0.5745596359621143,0.7609098019070383,0.5266607513450261,0.0395103222403493,0.8737772608078781
97,wang_lstm,22,CIC-IDS2017,11631,116310,246625,240549,240549,87.74521878536838,12.25478121463163,87.74511637961497,12.254883620385035,35.42366239700095,1.6098793019991715,240549,210190,880,45,29434,0.996154629618082,0.9971521283234384,0.9709705086758592,0.998473489602768,0.9958307670441086,0.9845299617012024,0.9911672013322,0.9824598123184088,0.0041692329558914,0.999925392219185
98,wang_lstm,22,CSE-CIC-IDS2018,11631,116310,332335,198127,198127,87.74521878536838,12.25478121463163,87.74523411751049,12.254765882489515,35.42366239700095,1.3369634829996355,198127,167753,6094,11904,12376,0.9091592766255988,0.7373330612085771,0.6700595560368164,0.5097199341021417,0.9649461883150128,0.5789941520467836,0.7640405041034135,0.5353535153304141,0.0350538116849873,0.8267308297960004
99,wang_lstm,22,DARPA,11631,116310,487830,285783,285783,87.74521878536838,12.25478121463163,87.74524726803203,12.254752731967962,35.42366239700095,1.9120009069993105,285783,245835,4926,384,34638,0.9814194686177974,0.9846956301885316,0.875492872308159,0.9890354634229912,0.9803557969540718,0.9288070147212614,0.9590612400661722,0.9204256019579218,0.0196442030459281,0.9980924681681502
100,wang_lstm,22,UNSW-NB15,11631,116310,62727,23730,23730,87.74521878536838,12.25478121463163,87.74546986936367,12.254530130636326,35.42366239700095,0.2359482499996374,23730,19937,885,4,2904,0.9625368731563422,0.978060681241682,0.7664291369754552,0.998624484181568,0.9574968783017962,0.8672539943258175,0.9227225004379376,0.855924926987623,0.0425031216982038,0.9879648146198134
101,wang_lstm,22,POOLED_ALL_ROWS,11631,116310,3122321,2508537,2508537,87.74521878536838,12.25478121463163,87.74520766486602,12.254792335133985,35.42366239700095,,2508537,2122739,78382,214987,92429,0.8830517548674786,0.6325271048038003,0.5411185462294583,0.300664246493351,0.9643899631142496,0.3865486473996658,0.6609567549428336,0.3450366092598954,0.0356100368857504,0.8741721487600421
103,wang_lstm,33,CIC-IDS2017,11631,116310,246625,240549,240549,87.74521878536838,12.25478121463163,87.74511637961497,12.254883620385035,52.2033332459996,1.387140894001277,240549,210125,945,4,29475,0.9960548578460106,0.997693561262026,0.9689349112426036,0.9998643101869128,0.9955228123371394,0.9841566637172574,0.9909517859741418,0.9820623122285644,0.0044771876628606,0.999971030671698
104,wang_lstm,33,CSE-CIC-IDS2018,11631,116310,332335,198127,198127,87.74521878536838,12.25478121463163,87.74523411751049,12.254765882489515,52.2033332459996,1.1346305669994765,198127,166332,7515,11600,12680,0.9035214786475342,0.7395064307384074,0.6278781876702154,0.5222405271828665,0.956772334293948,0.5702079820123664,0.7579349445309815,0.5191658972292608,0.0432276657060518,0.8280001666712011
105,wang_lstm,33,DARPA,11631,116310,487830,285783,285783,87.74521878536838,12.25478121463163,87.74524726803203,12.254752731967962,52.2033332459996,1.5110521870010416,285783,246709,4052,471,34551,0.98417330631983,0.9851962490151198,0.8950340647099966,0.9865513106047628,0.9838411874254768,0.938567062818336,0.9647418286773184,0.9309593250086804,0.0161588125745231,0.998089378948014
106,wang_lstm,33,UNSW-NB15,11631,116310,62727,23730,23730,87.74521878536838,12.25478121463163,87.74546986936367,12.254530130636326,52.2033332459996,0.2438770370008569,23730,19937,885,4,2904,0.9625368731563422,0.978060681241682,0.7664291369754552,0.998624484181568,0.9574968783017962,0.8672539943258175,0.9227225004379376,0.855924926987623,0.0425031216982038,0.9879317429837264
107,wang_lstm,33,POOLED_ALL_ROWS,11631,116310,3122321,2508537,2508537,87.74521878536838,12.25478121463163,87.74520766486602,12.254792335133985,52.2033332459996,,2508537,2108114,93007,216019,91397,0.8768102682958234,0.6275264266649321,0.4956345849330817,0.297307231894241,0.957745621435623,0.3716684966044488,0.6516896455904209,0.3204791067531094,0.0422543785643769,0.8576846882272556
109,wang_lstm,44,CIC-IDS2017,11631,116310,246625,240549,240549,87.74521878536838,12.25478121463163,87.74511637961497,12.254883620385035,42.34731211300095,1.348151494999911,240549,209990,1080,36,29443,0.9953606125986804,0.9968310028909012,0.9646168463126168,0.9987787916822144,0.9948832140995878,0.981400619979334,0.9893751964763589,0.9789447325294394,0.0051167859004121,0.9999321280930672
110,wang_lstm,44,CSE-CIC-IDS2018,11631,116310,332335,198127,198127,87.74521878536838,12.25478121463163,87.74523411751049,12.254765882489515,42.34731211300095,1.106540277000022,198127,168598,5249,12068,12212,0.9125964659031832,0.736386093875327,0.6993872057728653,0.5029654036243822,0.969806784126272,0.5851321242902662,0.7681424161857465,0.5468737663508443,0.030193215873728,0.8267370989188746
111,wang_lstm,44,DARPA,11631,116310,487830,285783,285783,87.74521878536838,12.25478121463163,87.74524726803203,12.254752731967962,42.34731211300095,1.520085657000891,285783,246794,3967,558,34464,0.9841663080029251,0.9841236566964342,0.8967760401758996,0.9840671577865342,0.9841801556063344,0.9383959811035628,0.964655848507707,0.930653924877848,0.0158198443936656,0.998065502225525
112,wang_lstm,44,UNSW-NB15,11631,116310,62727,23730,23730,87.74521878536838,12.25478121463163,87.74546986936367,12.254530130636326,42.34731211300095,0.2306441500004439,23730,19981,841,6,2902,0.9643067846607668,0.9787733770637528,0.7753139193160566,0.997936726272352,0.9596100278551531,0.872650729213652,0.9259477518253316,0.8614591551557517,0.0403899721448468,0.9878629655412876
113,wang_lstm,44,POOLED_ALL_ROWS,11631,116310,3122321,2508537,2508537,87.74521878536838,12.25478121463163,87.74520766486602,12.254792335133985,42.34731211300095,,2508537,2130468,70653,217770,89646,0.8850234220184913,0.6297563613629318,0.5592424157355941,0.2916113670075728,0.9679013557182908,0.3833360059010294,0.6599687020160314,0.3479424235016636,0.0320986442817091,0.819941594880114
115,wang_lstm,55,CIC-IDS2017,11631,116310,246625,240549,240549,87.74521878536838,12.25478121463163,87.74511637961497,12.254883620385035,32.783694137000566,1.3731946950010752,240549,210171,899,81,29398,0.9959259859737516,0.9964965153996808,0.9703270950919232,0.9972522812849826,0.9957407495143792,0.983605460385439,0.9906397242257868,0.9813997607945076,0.0042592504856208,0.9999186280591807
116,wang_lstm,55,CSE-CIC-IDS2018,11631,116310,332335,198127,198127,87.74521878536838,12.25478121463163,87.74523411751049,12.254765882489515,32.783694137000566,1.1152329320011631,198127,166710,7137,11675,12605,0.9050508007490146,0.7390491125341339,0.6384864755343936,0.5191515650741351,0.9589466599941328,0.572668211348871,0.7596301151227537,0.5234200236966015,0.0410533400058672,0.8245535415313258
117,wang_lstm,55,DARPA,11631,116310,487830,285783,285783,87.74521878536838,12.25478121463163,87.74524726803203,12.254752731967962,32.783694137000566,1.5282114969995746,285783,245957,4804,599,34423,0.981094046881725,0.9818693905346096,0.8775333316338236,0.9828964650790932,0.980842315990126,0.9272313431830732,0.9581835226804798,0.9183526177369256,0.0191576840098739,0.998128745837833
118,wang_lstm,55,UNSW-NB15,11631,116310,62727,23730,23730,87.74521878536838,12.25478121463163,87.74546986936367,12.254530130636326,32.783694137000566,0.2248650250003265,23730,19962,860,5,2903,0.9635482511588708,0.9784890683420364,0.7714589423332447,0.9982806052269602,0.9586975314571128,0.8703342827162345,0.9245637924160004,0.8590865504838625,0.0413024685428873,0.9877860048300938
119,wang_lstm,55,POOLED_ALL_ROWS,11631,116310,3122321,2508537,2508537,87.74521878536838,12.25478121463163,87.74520766486602,12.254792335133985,32.783694137000566,,2508537,2110021,91100,147722,159694,0.9047963015893328,0.7390419920012035,0.6367536703429907,0.5194719858432872,0.9586119981591198,0.5721645975528923,0.7593017107163483,0.5226290714643692,0.0413880018408801,0.8058754753612445
121,anwar_lightweight_1dcnn,11,CIC-IDS2017,11631,116310,246625,238069,238069,88.65935594143427,11.340644058565726,88.65917024056051,11.34082975943949,17.764370345001225,1.086094362000949,238069,199155,11915,799,26200,0.9465953148036914,0.9569779223375195,0.6873934146661419,0.9704063113448648,0.9435495333301748,0.8047424517000952,0.8869049757040708,0.7903133146697283,0.0564504666698251,0.9892645388955084
122,anwar_lightweight_1dcnn,11,CSE-CIC-IDS2018,11631,116310,332335,214098,214098,88.65935594143427,11.340644058565726,88.65939896682828,11.340601033171724,17.764370345001225,1.0008742819991312,214098,176396,13422,13680,10600,0.8734131098842586,0.6829317367613541,0.4412621763383565,0.4365733113673805,0.9292901621553278,0.4389052213158875,0.6837821341566039,0.3675732241753762,0.0707098378446722,0.7194148095176159
123,anwar_lightweight_1dcnn,11,DARPA,11631,116310,487830,308819,308819,88.65935594143427,11.340644058565726,88.6593765279986,11.3406234720014,17.764370345001225,1.2898324870002398,308819,266869,6928,2827,32195,0.9684119176605066,0.9469879459609976,0.8229174654295427,0.919279310147907,0.974696581774088,0.8684334749477376,0.9252423808584204,0.852230934434771,0.0253034182259118,0.9666036733063772
124,anwar_lightweight_1dcnn,11,UNSW-NB15,11631,116310,62727,25643,25643,88.65935594143427,11.340644058565726,88.6596732051632,11.340326794836798,17.764370345001225,0.4120857160014566,25643,22014,721,314,2594,0.9596381078656944,0.9301543953735234,0.7825037707390649,0.8920220082530949,0.968286782493952,0.833681504097702,0.9053568295403628,0.8130782857502212,0.0317132175060479,0.9799905026788828
125,anwar_lightweight_1dcnn,11,POOLED_ALL_ROWS,11631,116310,3122321,2528827,2528827,88.65935594143427,11.340644058565726,88.65932703186101,11.340672968138984,17.764370345001225,,2528827,2101801,140240,204962,81824,0.8634932322377133,0.6113818191815721,0.3684703508898335,0.2853137879812822,0.937449850381862,0.3216036159968556,0.6228575483644669,0.2495769559261868,0.0625501496181381,0.8255297614836453
127,anwar_lightweight_1dcnn,22,CIC-IDS2017,11631,116310,246625,238069,238069,88.65935594143427,11.340644058565726,88.65917024056051,11.34082975943949,17.793743944999733,1.147430256000007,238069,199112,11958,297,26702,0.9485233272706652,0.9661727010123028,0.6906880496637351,0.9889995925775028,0.9433458094471028,0.8133538433421161,0.8917492396215501,0.8016053835865423,0.0566541905528971,0.9952577329181098
128,anwar_lightweight_1dcnn,22,CSE-CIC-IDS2018,11631,116310,332335,214098,214098,88.65935594143427,11.340644058565726,88.65939896682828,11.340601033171724,17.793743944999733,1.0552058319990465,214098,158748,31070,11231,13049,0.8024222552289139,0.6868775568908346,0.295768263106598,0.5374382207578253,0.8363168930238439,0.3815552858959926,0.631993106111947,0.293001413987468,0.1636831069761561,0.715462053389284
129,anwar_lightweight_1dcnn,22,DARPA,11631,116310,487830,308819,308819,88.65935594143427,11.340644058565726,88.6593765279986,11.3406234720014,17.793743944999733,1.2954838420009764,308819,264547,9250,4062,30960,0.9568938439668544,0.9251158037839264,0.7699577219597115,0.8840157615213294,0.9662158460465236,0.8230540195661421,0.8992557590963162,0.8011147792732061,0.0337841539534764,0.9643042626458506
130,anwar_lightweight_1dcnn,22,UNSW-NB15,11631,116310,62727,25643,25643,88.65935594143427,11.340644058565726,88.6596732051632,11.340326794836798,17.793743944999733,0.418806334000692,25643,21829,906,130,2778,0.9595991108684632,0.9577226425271254,0.754071661237785,0.9552957359009628,0.960149549153288,0.8428398058252428,0.9098299803279344,0.8275818976947144,0.0398504508467121,0.9800649429812848
131,anwar_lightweight_1dcnn,22,POOLED_ALL_ROWS,11631,116310,3122321,2528827,2528827,88.65935594143427,11.340644058565726,88.65932703186101,11.340672968138984,17.793743944999733,,2528827,1973002,269039,137247,149539,0.8393381595498625,0.7007166271095122,0.3572548007778717,0.5214306137677571,0.8800026404512674,0.4240051944811473,0.6653276284310504,0.3424987916438037,0.1199973595487326,0.8112315763704173
133,anwar_lightweight_1dcnn,33,CIC-IDS2017,11631,116310,246625,238069,238069,88.65935594143427,11.340644058565726,88.65917024056051,11.34082975943949,16.93293283300045,1.0582366259986884,238069,188917,22153,336,26663,0.9055357900440628,0.9412996963666456,0.5461938708620124,0.9875550946331344,0.8950442981001564,0.7033700455055069,0.8235964542718017,0.6931835332232629,0.1049557018998436,0.9941980043258904
134,anwar_lightweight_1dcnn,33,CSE-CIC-IDS2018,11631,116310,332335,214098,214098,88.65935594143427,11.340644058565726,88.65939896682828,11.340601033171724,16.93293283300045,0.9701183039996976,214098,165360,24458,11710,12570,0.8310680155816496,0.6944301545729323,0.3394728313708545,0.5177100494233937,0.871150259722471,0.4100606772362498,0.6557400920033541,0.3260235962987053,0.128849740277529,0.7345940054683091
135,anwar_lightweight_1dcnn,33,DARPA,11631,116310,487830,308819,308819,88.65935594143427,11.340644058565726,88.6593765279986,11.3406234720014,16.93293283300045,1.2607594230012182,308819,262070,11727,2911,32111,0.9526000667057404,0.937024907620307,0.7324923582280214,0.9168808177716864,0.9571689974689276,0.8143799137712402,0.8936055120864634,0.7941238991260081,0.0428310025310722,0.9586635893719858
136,anwar_lightweight_1dcnn,33,UNSW-NB15,11631,116310,62727,25643,25643,88.65935594143427,11.340644058565726,88.6596732051632,11.340326794836798,16.93293283300045,0.3862723589991219,25643,21786,949,165,2743,0.9565573450844284,0.9507590823521652,0.7429577464788732,0.9432599724896836,0.958258192214647,0.8312121212121212,0.9031413065443858,0.8142563630427941,0.0417418077853529,0.9798122936688458
137,anwar_lightweight_1dcnn,33,POOLED_ALL_ROWS,11631,116310,3122321,2528827,2528827,88.65935594143427,11.340644058565726,88.65932703186101,11.340672968138984,16.93293283300045,,2528827,2000456,241585,133606,153180,0.8516343743561738,0.7131871123670392,0.3880283206464605,0.5341264915302699,0.8922477332038085,0.4495041456912249,0.6818839090935253,0.3724936334743908,0.1077522667961915,0.8106135039957423
139,anwar_lightweight_1dcnn,44,CIC-IDS2017,11631,116310,246625,238069,238069,88.65935594143427,11.340644058565726,88.65917024056051,11.34082975943949,17.68055892600023,1.057515479000358,238069,202979,8091,486,26513,0.9639726297838022,0.9718330394690264,0.7661831002196278,0.9819993333086412,0.961666745629412,0.8607697677061182,0.9200395571617062,0.8489799437555325,0.0383332543705879,0.9948268162916136
140,anwar_lightweight_1dcnn,44,CSE-CIC-IDS2018,11631,116310,332335,214098,214098,88.65935594143427,11.340644058565726,88.65939896682828,11.340601033171724,17.68055892600023,0.9926761439983238,214098,169052,20766,12117,12163,0.8464114564358378,0.6957738758185831,0.369370463724984,0.5009472817133444,0.8906004699238218,0.4252128161652886,0.668288143561246,0.3441490362116936,0.1093995300761782,0.7207950199126839
141,anwar_lightweight_1dcnn,44,DARPA,11631,116310,487830,308819,308819,88.65935594143427,11.340644058565726,88.6593765279986,11.3406234720014,17.68055892600023,1.2874559040010354,308819,265356,8441,2822,32200,0.9635287984223768,0.9442963337204217,0.7923033389926429,0.9194220775512536,0.9691705898895896,0.8511425663798686,0.9151805825118589,0.8334772940441476,0.0308294101104102,0.9656825427358458
142,anwar_lightweight_1dcnn,44,UNSW-NB15,11631,116310,62727,25643,25643,88.65935594143427,11.340644058565726,88.6596732051632,11.340326794836798,17.68055892600023,0.4305425620004826,25643,21989,746,303,2605,0.9590921499044572,0.931495916560309,0.7773798866010146,0.8958046767537826,0.9671871563668352,0.8324013420674229,0.9045521046180054,0.8118758723577393,0.0328128436331647,0.9809956320490648
143,anwar_lightweight_1dcnn,44,POOLED_ALL_ROWS,11631,116310,3122321,2528827,2528827,88.65935594143427,11.340644058565726,88.65932703186101,11.340672968138984,17.68055892600023,,2528827,2058041,184000,143694,143092,0.8704166002656568,0.7084411784893103,0.4374671346287894,0.4989504369111462,0.9179319200674744,0.4661903505256745,0.6962240548463265,0.393909794616435,0.0820680799325257,0.8287364992912762
145,anwar_lightweight_1dcnn,55,CIC-IDS2017,11631,116310,246625,238069,238069,88.65935594143427,11.340644058565726,88.65917024056051,11.34082975943949,17.821069142999477,1.052539527998306,238069,196485,14585,486,26513,0.9366948237695794,0.9564495174147318,0.6451165506837315,0.9819993333086412,0.9308997015208224,0.7786833487525148,0.870874167434553,0.7659463547394363,0.0691002984791775,0.993089524083786
146,anwar_lightweight_1dcnn,55,CSE-CIC-IDS2018,11631,116310,332335,214098,214098,88.65935594143427,11.340644058565726,88.65939896682828,11.340601033171724,17.821069142999477,0.9814309499997762,214098,164139,25679,11956,12324,0.8242160132275874,0.6861480180017405,0.3242901876167671,0.5075782537067546,0.8647177822967264,0.3957420162805259,0.6464448494632005,0.3089576809655802,0.1352822177032736,0.7143396045345647
147,anwar_lightweight_1dcnn,55,DARPA,11631,116310,487830,308819,308819,88.65935594143427,11.340644058565726,88.6593765279986,11.3406234720014,17.821069142999477,1.2877295359994605,308819,265228,8569,3038,31984,0.9624148773229626,0.9409788079861896,0.788696274011787,0.913254525726686,0.968703090245693,0.8464174660932848,0.9125024129325596,0.8280150271861698,0.031296909754307,0.955720694779656
148,anwar_lightweight_1dcnn,55,UNSW-NB15,11631,116310,62727,25643,25643,88.65935594143427,11.340644058565726,88.6596732051632,11.340326794836798,17.821069142999477,0.417683912000939,25643,21932,803,207,2701,0.9606130327964748,0.9467485325965788,0.7708333333333334,0.9288170563961484,0.964680008797009,0.8424828446662508,0.9099876896594168,0.824853386609619,0.0353199912029909,0.978567969146336
149,anwar_lightweight_1dcnn,55,POOLED_ALL_ROWS,11631,116310,3122321,2528827,2528827,88.65935594143427,11.340644058565726,88.65932703186101,11.340672968138984,17.821069142999477,,2528827,2010204,231837,74559,212227,0.8788386868694458,0.8183071236228725,0.4779198493910788,0.7400186898942068,0.8965955573515382,0.5807675993705959,0.7549770652919674,0.5305495781678956,0.1034044426484618,0.8316425778513467
151,ensemble_feature_rf,11,CIC-IDS2017,11631,116310,246625,238069,238069,88.65937105118851,11.340628948811482,88.65917024056051,11.34082975943949,50.96717798600002,0.6994630600001983,238069,210956,114,13,26986,0.9994665412128416,0.9994891977534168,0.9957933579335794,0.9995185006852104,0.9994598948216232,0.9976524519861736,0.9986757659645112,0.9973537454127844,0.0005401051783768,0.9999626410782894
152,ensemble_feature_rf,11,CSE-CIC-IDS2018,11631,116310,332335,214098,214098,88.65937105118851,11.340628948811482,88.65939896682828,11.340601033171724,50.96717798600002,0.709598224999354,214098,166812,23006,9390,14890,0.8486861157040234,0.7460308181618452,0.3929174583069453,0.6132619439868204,0.87879969233687,0.4789629439011837,0.6952270596233966,0.4087995806567759,0.1212003076631299,0.8315112370797291
153,ensemble_feature_rf,11,DARPA,11631,116310,487830,308819,308819,88.65937105118851,11.340628948811482,88.6593765279986,11.3406234720014,50.96717798600002,0.858256622999761,308819,272935,862,321,34701,0.9961692771493982,0.9938430073953948,0.9757613249725838,0.9908343327051568,0.9968516820856328,0.9832400651696536,0.9905387845156268,0.9811144466174594,0.0031483179143672,0.9988654126676096
154,ensemble_feature_rf,11,UNSW-NB15,11631,116310,62727,25643,25643,88.65937105118851,11.340628948811482,88.6596732051632,11.340326794836798,50.96717798600002,0.1218884830013848,25643,21940,795,50,2858,0.9670475373396248,0.9739189707136438,0.7823706542567752,0.982806052269601,0.9650318891576865,0.8712086572168877,0.9261577103859732,0.8598868725637967,0.0349681108423136,0.9868290730257628
155,ensemble_feature_rf,11,POOLED_ALL_ROWS,11631,116310,3122321,2528827,2528827,88.65937105118851,11.340628948811482,88.65932703186101,11.340672968138984,50.96717798600002,,2528827,1980413,261628,185147,101639,0.8233271789647928,0.6188576148382183,0.279791448163472,0.3544071188970173,0.8833081107794193,0.3127098867323126,0.6056726107321452,0.2149115076108268,0.1166918892205807,0.7958480288304556
157,ensemble_feature_rf,22,CIC-IDS2017,11631,116310,246625,238069,238069,88.65937105118851,11.340628948811482,88.65917024056051,11.34082975943949,50.10943647000022,0.68531505700048,238069,210930,140,15,26984,0.9993489282518934,0.999390568403193,0.99483851939242,0.9994444238675506,0.9993367129388354,0.9971361528370564,0.9983844336570148,0.9967722535395794,0.0006632870611645,0.9999719805235632
158,ensemble_feature_rf,22,CSE-CIC-IDS2018,11631,116310,332335,214098,214098,88.65937105118851,11.340628948811482,88.65939896682828,11.340601033171724,50.10943647000022,0.7280751369999052,214098,165908,23910,9189,15091,0.8454025726536446,0.7477887990530355,0.3869387964411169,0.6215403624382208,0.8740372356678503,0.4769520077116354,0.6931243466205711,0.4071247269793289,0.1259627643321497,0.8314761564372344
159,ensemble_feature_rf,22,DARPA,11631,116310,487830,308819,308819,88.65937105118851,11.340628948811482,88.6593765279986,11.3406234720014,50.10943647000022,0.871440363000147,308819,272713,1084,279,34743,0.9955864114578442,0.9940372206420084,0.9697434895469896,0.992033578893267,0.9960408623907494,0.9807619020734236,0.9891345836079596,0.978350109453712,0.0039591376092506,0.9984365714499668
160,ensemble_feature_rf,22,UNSW-NB15,11631,116310,62727,25643,25643,88.65937105118851,11.340628948811482,88.6596732051632,11.340326794836798,50.10943647000022,0.1272621739990427,25643,21924,811,46,2862,0.9665795733728504,0.9742548482621824,0.779199564388783,0.984181568088033,0.9643281284363316,0.8697766296915362,0.9253032572459472,0.8585408474159382,0.0356718715636683,0.9870605390315847
161,ensemble_feature_rf,22,POOLED_ALL_ROWS,11631,116310,3122321,2528827,2528827,88.65937105118851,11.340628948811482,88.65932703186101,11.340672968138984,50.10943647000022,,2528827,1975562,266479,166912,119874,0.8286197513708925,0.6495677862709783,0.3102706592157949,0.4179911153264106,0.881144457215546,0.3561641800579078,0.6286591778026301,0.2636446029304348,0.1188555427844539,0.8014158818541249
163,ensemble_feature_rf,33,CIC-IDS2017,11631,116310,246625,238069,238069,88.65937105118851,11.340628948811482,88.65917024056051,11.34082975943949,50.44843928299997,0.6882785750003677,238069,210900,170,12,26987,0.999235515753836,0.9993750595455988,0.9937401038406304,0.9995555390940404,0.9991945799971572,0.9966393382081394,0.9981040200953442,0.996213442191234,0.0008054200028426,0.9999708382412764
164,ensemble_feature_rf,33,CSE-CIC-IDS2018,11631,116310,332335,214098,214098,88.65937105118851,11.340628948811482,88.65939896682828,11.340601033171724,50.44843928299997,0.7079850919999444,214098,165794,24024,9237,15043,0.8446459098169997,0.7465000435342878,0.3850564414979394,0.6195634266886326,0.8734366603799429,0.4749396182928947,0.6918879382902849,0.4047412936733316,0.1265633396200571,0.8287055096242977
165,ensemble_feature_rf,33,DARPA,11631,116310,487830,308819,308819,88.65937105118851,11.340628948811482,88.6593765279986,11.3406234720014,50.44843928299997,0.8803593440006807,308819,272544,1253,295,34727,0.994987355052636,0.9935001699848628,0.9651750972762646,0.9915767232025584,0.995423616767167,0.978197797245148,0.9876829655336444,0.9754798721436976,0.004576383232833,0.9986620776415494
166,ensemble_feature_rf,33,UNSW-NB15,11631,116310,62727,25643,25643,88.65937105118851,11.340628948811482,88.6596732051632,11.340326794836798,50.44843928299997,0.1232546989995171,25643,21934,801,43,2865,0.967086534336856,0.9749905919195176,0.7815057283142389,0.9852132049518568,0.9647679788871784,0.8716154548220262,0.9263695452675168,0.8605562226514154,0.0352320211128216,0.9874526835566416
167,ensemble_feature_rf,33,POOLED_ALL_ROWS,11631,116310,3122321,2528827,2528827,88.65937105118851,11.340628948811482,88.65932703186101,11.340672968138984,50.44843928299997,,2528827,1968112,273929,176737,110049,0.8217885209229417,0.6307768564187247,0.2866023574267275,0.3837321208148236,0.8778215920226258,0.3281303111079306,0.612700065478764,0.231105406387614,0.1221784079773741,0.7936413920907747
169,ensemble_feature_rf,44,CIC-IDS2017,11631,116310,246625,238069,238069,88.65937105118851,11.340628948811482,88.65917024056051,11.34082975943949,50.14772407200144,0.6802665960003651,238069,210971,99,13,26986,0.9995295481562068,0.9995247309888364,0.9963448403175188,0.9995185006852104,0.9995309612924622,0.9979291472524222,0.9988318891829882,0.9976653843775118,0.0004690387075377,0.99996515367817
170,ensemble_feature_rf,44,CSE-CIC-IDS2018,11631,116310,332335,214098,214098,88.65937105118851,11.340628948811482,88.65939896682828,11.340601033171724,50.14772407200144,0.7280088259994955,214098,166921,22897,9326,14954,0.8494941568814282,0.7476358924614913,0.3950754273334918,0.6158978583196046,0.879373926603378,0.4813700085303632,0.696672328920639,0.4116584928075404,0.120626073396622,0.829183730759316
171,ensemble_feature_rf,44,DARPA,11631,116310,487830,308819,308819,88.65937105118851,11.340628948811482,88.6593765279986,11.3406234720014,50.14772407200144,0.8869971289987006,308819,272628,1169,278,34744,0.9953144074684523,0.9938962728912052,0.9674491131345196,0.9920621323739364,0.995730413408474,0.9796010432085712,0.9884771339513918,0.9770531162255736,0.0042695865915258,0.9988280235190076
172,ensemble_feature_rf,44,UNSW-NB15,11631,116310,62727,25643,25643,88.65937105118851,11.340628948811482,88.6596732051632,11.340326794836798,50.14772407200144,0.1231035969994991,25643,21950,785,39,2869,0.9678664742814804,0.9760302301894108,0.7851669403393541,0.9865887207702888,0.965471739608533,0.8744285278878391,0.928002207777208,0.8636190195082546,0.0345282603914669,0.986919160690317
173,ensemble_feature_rf,44,POOLED_ALL_ROWS,11631,116310,3122321,2528827,2528827,88.65937105118851,11.340628948811482,88.65932703186101,11.340672968138984,50.14772407200144,,2528827,1979605,262436,185233,101553,0.8229736553746065,0.6185274842959836,0.2790001895661682,0.3541072437287734,0.8829477248631938,0.3120986516076985,0.605257257312747,0.2141376241822863,0.1170522751368061,0.7883884555161044
175,ensemble_feature_rf,55,CIC-IDS2017,11631,116310,246625,238069,238069,88.65937105118851,11.340628948811482,88.65917024056051,11.34082975943949,49.80441181099923,0.665762206999716,238069,210912,158,15,26984,0.9992733199198552,0.9993479285206897,0.9941787635399012,0.9994444238675506,0.9992514331738286,0.9968046397369832,0.9981973421079862,0.9963991120020388,0.0007485668261714,0.9999475495103914
176,ensemble_feature_rf,55,CSE-CIC-IDS2018,11631,116310,332335,214098,214098,88.65937105118851,11.340628948811482,88.65939896682828,11.340601033171724,49.80441181099923,0.7034715760000836,214098,165763,24055,9255,15025,0.8444170426627059,0.7460477109149017,0.384467758444217,0.6188220757825371,0.8732733460472664,0.4742739898989899,0.6914863464389313,0.4039463856187771,0.1267266539527336,0.8314489145268658
177,ensemble_feature_rf,55,DARPA,11631,116310,487830,308819,308819,88.65937105118851,11.340628948811482,88.6593765279986,11.3406234720014,49.80441181099923,0.8685034730006009,308819,272386,1411,251,34771,0.9946182067813184,0.9938398116231196,0.9610027085291027,0.9928330763520072,0.994846546894232,0.9766586146845684,0.986808538136854,0.9737830855184926,0.0051534531057681,0.9988298035424732
178,ensemble_feature_rf,55,UNSW-NB15,11631,116310,62727,25643,25643,88.65937105118851,11.340628948811482,88.6596732051632,11.340326794836798,49.80441181099923,0.1235132149995479,25643,21939,796,53,2855,0.9668915493507,0.9733811597591896,0.7819775403998904,0.9817744154057771,0.9649879041126016,0.8705595365147126,0.925788856727408,0.8591072131966171,0.0350120958873982,0.9875982592328512
179,ensemble_feature_rf,55,POOLED_ALL_ROWS,11631,116310,3122321,2528827,2528827,88.65937105118851,11.340628948811482,88.65932703186101,11.340672968138984,49.80441181099923,,2528827,1965120,276921,157790,128996,0.8280977702310202,0.6631429491815034,0.3177891046691811,0.4497988046836317,0.8764870936793752,0.3724424464741743,0.6364255897924047,0.2818477949937267,0.1235129063206248,0.7703153531435666
