,model,seed,test_source,source_role,fit_seconds,n_test,attack_prevalence,benign_prevalence,accuracy,balanced_accuracy,precision,recall,f1,macro_f1,mcc,false_positive_rate,tn,fp,fn,tp,roc_auc
1,selected_feature_mlp,11,cic2017,heterogeneous,48.89192367500005,126007,0.5510011348575873,0.4489988651424127,0.9598196925567628,0.9598823212845324,0.9675319958743118,0.959268327812185,0.9633824412188012,0.9594356885953697,0.9189146747824964,0.0395036852431199,54342,2235,2828,66602,0.9932598552957788
2,selected_feature_mlp,11,cic2018,heterogeneous,48.89192367500005,40089,0.5509990271645588,0.4490009728354411,0.9928159844346328,0.9922365355305054,0.98914067758582,0.9979175155054552,0.9935097128949384,0.99273295945272,0.9855144789763652,0.0134444444444444,17758,242,46,22043,0.9972077102227856
3,selected_feature_mlp,11,darpa,heterogeneous,48.89192367500005,51912,0.5510094005239636,0.4489905994760363,0.9643242410232702,0.966757083470236,0.9919455682236116,0.9429100825059432,0.966806466645159,0.9641236164164791,0.9296947911268124,0.009395915565471,23089,219,1633,26971,0.992916352773318
4,selected_feature_mlp,11,unsw-nb15,same_domain_reextraction,48.89192367500005,7324,0.5510649918077554,0.4489350081922447,0.9729655925723648,0.9706232713365598,0.9588713534194164,0.993557978196234,0.9759065466050134,0.972556694764404,0.9459099038027684,0.0523114355231143,3116,172,26,4010,0.9806003119129778
5,selected_feature_mlp,11,POOLED_ALL_ROWS,pooled_row_weighted,48.89192367500005,307604,0.5510038881158893,0.4489961118841107,0.9258592215965982,0.9207091600291288,0.9018040573485342,0.9711961107079432,0.9352146444560598,0.9242802202765434,0.8520273917627283,0.1297777906496854,120189,17924,4882,164609,0.9857709485350934
7,selected_feature_mlp,22,cic2017,heterogeneous,41.66410176799991,126007,0.5510011348575873,0.4489988651424127,0.961827517518868,0.9621182121942662,0.9711011314592324,0.959268327812185,0.9651484631993856,0.9614777403716226,0.923043728887604,0.0350319034236527,54595,1982,2828,66602,0.983490109142235
8,selected_feature_mlp,22,cic2018,heterogeneous,41.66410176799991,40089,0.5509990271645588,0.4490009728354411,0.99069570206291,0.989952555570646,0.9860340196956132,0.9972384444746254,0.9916045825924508,0.9905853621513544,0.981250235515618,0.0173333333333333,17688,312,61,22028,0.996372449082248
9,selected_feature_mlp,22,darpa,heterogeneous,41.66410176799991,51912,0.5510094005239636,0.4489905994760363,0.9526506395438434,0.9565970844378648,0.9958279602518396,0.9179135785204866,0.9552847007458614,0.9524857613525844,0.9085429050886968,0.0047194096447571,23198,110,2348,26256,0.9923581176365756
10,selected_feature_mlp,22,unsw-nb15,same_domain_reextraction,41.66410176799991,7324,0.5510649918077554,0.4489350081922447,0.9699617695248498,0.9681514483999238,0.9606470304200868,0.9858771060455896,0.9730985571044264,0.9695477329571592,0.9395128302422384,0.049574209245742,3125,163,57,3979,0.9800933930392888
11,selected_feature_mlp,22,POOLED_ALL_ROWS,pooled_row_weighted,41.66410176799991,307604,0.5510038881158893,0.4489961118841107,0.9245360918583634,0.9199883801571972,0.9047671754457812,0.9645703901682096,0.9337121807044848,0.9230617781604704,0.8486685004244803,0.1245936298538153,120905,17208,6005,163486,0.9810699696886016
13,selected_feature_mlp,33,cic2017,heterogeneous,42.03713111599996,126007,0.5510011348575873,0.4489988651424127,0.954010491480632,0.9561846717874144,0.980764872093199,0.9348696528878008,0.9572674783019076,0.9537417690127272,0.9087670636095614,0.0225003093129717,55304,1273,4522,64908,0.9944397941956824
14,selected_feature_mlp,33,cic2018,heterogeneous,42.03713111599996,40089,0.5509990271645588,0.4490009728354411,0.9760782259472672,0.9773770730529524,0.9917155356976636,0.9646430349947938,0.977991967871486,0.9758959648116274,0.9522402934621864,0.0098888888888888,17822,178,781,21308,0.9965376507160428
15,selected_feature_mlp,33,darpa,heterogeneous,42.03713111599996,51912,0.5510094005239636,0.4489905994760363,0.9442325473878872,0.9487358724594378,0.9936254368111824,0.9045937631100546,0.947021685424101,0.9440775480130936,0.892793947128188,0.0071220181911789,23142,166,2729,25875,0.991799181287031
16,selected_feature_mlp,33,unsw-nb15,same_domain_reextraction,42.03713111599996,7324,0.5510649918077554,0.4489350081922447,0.974194429273621,0.9717664197405828,0.9591788016232992,0.9955401387512388,0.9770212765957448,0.9737978872469616,0.9484720791005634,0.0520072992700729,3117,171,18,4018,0.9802205937318392
17,selected_feature_mlp,33,POOLED_ALL_ROWS,pooled_row_weighted,42.03713111599996,307604,0.5510038881158893,0.4489961118841107,0.9176181063965358,0.914134336497219,0.9065097968438032,0.9482863396876532,0.9269275908106565,0.9162589074519724,0.8337377730730069,0.1200176666932149,121537,16576,8765,160726,0.9774628322243732
19,selected_feature_mlp,44,cic2017,heterogeneous,42.082122605999984,126007,0.5510011348575873,0.4489988651424127,0.9654066837556644,0.965375903845776,0.9713718615533952,0.9656776609534784,0.9685163918441636,0.9650658675699186,0.930152263453077,0.0349258532619262,54601,1976,2383,67047,0.9936032248342525
20,selected_feature_mlp,44,cic2018,heterogeneous,42.082122605999984,40089,0.5509990271645588,0.4490009728354411,0.9891491431564768,0.9892741749286976,0.9922258592471358,0.9880483498573952,0.9901326981966656,0.9890402498547122,0.9780913586452052,0.0095,17829,171,264,21825,0.9975345571702356
21,selected_feature_mlp,44,darpa,heterogeneous,42.082122605999984,51912,0.5510094005239636,0.4489905994760363,0.9617814763445832,0.964346447349661,0.9909627443747696,0.9392043070899176,0.9643895609721076,0.961575366642778,0.9247618430486486,0.0105114123905955,23063,245,1739,26865,0.9923445688553112
22,selected_feature_mlp,44,unsw-nb15,same_domain_reextraction,42.082122605999984,7324,0.5510649918077554,0.4489350081922447,0.9710540688148552,0.9690579794019276,0.9600577478344562,0.9886025768087215,0.97412109375,0.9706417116829308,0.94181944202516,0.0504866180048661,3122,166,46,3990,0.9791286119571064
23,selected_feature_mlp,44,POOLED_ALL_ROWS,pooled_row_weighted,42.082122605999984,307604,0.5510038881158893,0.4489961118841107,0.9268052431047712,0.9218799328218183,0.9040199678930354,0.9701636075071832,0.9359246178671136,0.9252919782219108,0.8537177227345764,0.1264037418635465,120655,17458,5057,164434,0.9858113613087116
25,selected_feature_mlp,55,cic2017,heterogeneous,42.07048233500018,126007,0.5510011348575873,0.4489988651424127,0.9674938693882086,0.966514058605191,0.96527560176613,0.9761198329252484,0.9706674305356632,0.9671088589843496,0.9342935717171892,0.0430917157148664,54139,2438,1658,67772,0.99455805127632
26,selected_feature_mlp,55,cic2018,heterogeneous,42.07048233500018,40089,0.5509990271645588,0.4490009728354411,0.9928159844346328,0.9925861967495132,0.9921441148584588,0.9948390601656932,0.9934897599348976,0.9927382021711216,0.9854809483341532,0.0096666666666666,17826,174,114,21975,0.9974623983279762
27,selected_feature_mlp,55,darpa,heterogeneous,42.07048233500018,51912,0.5510094005239636,0.4489905994760363,0.9535174911388504,0.9570421138299456,0.992626866794568,0.9224933575723676,0.9562759345498034,0.9533317497861586,0.90958038674487,0.0084091299124764,23112,196,2217,26387,0.990275481866238
28,selected_feature_mlp,55,unsw-nb15,same_domain_reextraction,42.07048233500018,7324,0.5510649918077554,0.4489350081922447,0.9747405789186238,0.9722619598793342,0.9592177438588124,0.9965312190287412,0.9775185320209016,0.9743489217200628,0.94962136929359,0.0520072992700729,3117,171,14,4022,0.9780862143385928
29,selected_feature_mlp,55,POOLED_ALL_ROWS,pooled_row_weighted,42.07048233500018,307604,0.5510038881158893,0.4489961118841107,0.9267954903057176,0.921589592547121,0.9021611238500732,0.9726239151341368,0.9360683663619328,0.9252223438574992,0.8540218613943203,0.1294447300398948,120235,17878,4640,164851,0.9854462658248272
31,vinayakumar_dnn,11,cic2017,heterogeneous,215.0978169080001,126007,0.5510011348575873,0.4489988651424127,0.672303919623513,0.6396491489583989,0.633814605566018,0.9597868356618176,0.7634618028504652,0.6151451513542153,0.3737069322761034,0.68048853774502,18077,38500,2792,66638,0.6432898955862612
32,vinayakumar_dnn,11,cic2018,heterogeneous,215.0978169080001,40089,0.5509990271645588,0.4490009728354411,0.6737758487365612,0.6377763479559962,0.6296285640302672,0.9907193625786592,0.7699398374555817,0.6047110467922516,0.4036107567214907,0.7151666666666666,5127,12873,205,21884,0.7353319160869412
33,vinayakumar_dnn,11,darpa,heterogeneous,215.0978169080001,51912,0.5510094005239636,0.4489905994760363,0.7334335028509785,0.7058777525969802,0.6797750073049577,0.9759823800867012,0.8013836261338845,0.6980975286912102,0.5038007070742485,0.5642268748927407,10157,13151,687,27917,0.7748996586229093
34,vinayakumar_dnn,11,unsw-nb15,same_domain_reextraction,215.0978169080001,7324,0.5510649918077554,0.4489350081922447,0.6553795740032768,0.619139273304252,0.6190551181102362,0.97398414271556,0.7569805507413826,0.5823851604011934,0.3490278520402124,0.735705596107056,869,2419,105,3931,0.6243511483630295
35,vinayakumar_dnn,11,POOLED_ALL_ROWS,pooled_row_weighted,215.0978169080001,307604,0.5510038881158893,0.4489961118841107,0.6666363246251674,0.6315987357778645,0.626992226475509,0.9750783227428004,0.763220482222602,0.600097036257625,0.3738523370092477,0.7118808511870715,39793,98320,4224,165267,0.7066460746224384
37,vinayakumar_dnn,22,cic2017,heterogeneous,200.59696599799983,126007,0.5510011348575873,0.4489988651424127,0.5857849167109763,0.5629118595996669,0.5936047269409567,0.7871525277257669,0.6768133351496612,0.5500929992730939,0.1410756899963759,0.661328808526433,19161,37416,14778,54652,0.5367492261498722
38,vinayakumar_dnn,22,cic2018,heterogeneous,200.59696599799983,40089,0.5509990271645588,0.4490009728354411,0.6745990171867594,0.6440304902892843,0.638507718696398,0.9437276472452352,0.7616785720810421,0.6244617851561218,0.3685231474756921,0.6556666666666666,6198,11802,1243,20846,0.7932491297830495
39,vinayakumar_dnn,22,darpa,heterogeneous,200.59696599799983,51912,0.5510094005239636,0.4489905994760363,0.7586877793188472,0.7383780555209107,0.7140574654488323,0.9374562998182072,0.8106473993681697,0.7390375606233686,0.530124336050883,0.4607001887763858,12570,10738,1789,26815,0.8734102155848837
40,vinayakumar_dnn,22,unsw-nb15,same_domain_reextraction,200.59696599799983,7324,0.5510649918077554,0.4489350081922447,0.8365647187329328,0.8260911830026115,0.8048099634958128,0.9286422200198216,0.8623030024157368,0.8306477228703368,0.67413349865604,0.2764598540145985,2379,909,288,3748,0.8331771206344843
41,vinayakumar_dnn,22,POOLED_ALL_ROWS,pooled_row_weighted,200.59696599799983,307604,0.5510038881158893,0.4489961118841107,0.6681122482152377,0.6433618918717791,0.6446776997874943,0.8859939465812344,0.7463136079676761,0.6332633919471056,0.3326341066406643,0.5992701628376764,55346,82767,19323,150168,0.7171492360651103
43,vinayakumar_dnn,33,cic2017,heterogeneous,200.791914574,126007,0.5510011348575873,0.4489988651424127,0.4734657598387391,0.5142380942878093,0.6202511896403775,0.1145182197897162,0.1933397366533331,0.4012615097132893,0.0468541575633084,0.0860420312140976,51709,4868,61479,7951,0.5806518047922163
44,vinayakumar_dnn,33,cic2018,heterogeneous,200.791914574,40089,0.5509990271645588,0.4490009728354411,0.7488089001970616,0.7590490364736596,0.8518648632823936,0.6586536285028748,0.7429023692810458,0.7486762516973383,0.5211307841471253,0.1405555555555555,15470,2530,7540,14549,0.8119293778703326
45,vinayakumar_dnn,33,darpa,heterogeneous,200.791914574,51912,0.5510094005239636,0.4489905994760363,0.8489751887810141,0.8551357767573146,0.9202898550724636,0.7947489861557824,0.8529246238697332,0.8488662075760243,0.707391734933815,0.0844774326411532,21339,1969,5871,22733,0.9144594710039822
46,vinayakumar_dnn,33,unsw-nb15,same_domain_reextraction,200.791914574,7324,0.5510649918077554,0.4489350081922447,0.4990442381212452,0.5404210342923421,0.7531034482758621,0.1352824578790882,0.2293635790800252,0.4291351120847683,0.1346389863880079,0.0544403892944038,3109,179,3490,546,0.8725433612692579
47,vinayakumar_dnn,33,POOLED_ALL_ROWS,pooled_row_weighted,200.791914574,307604,0.5510038881158893,0.4489961118841107,0.6479011976437238,0.6694884312912086,0.8253637369182336,0.4578650193815601,0.588991139024344,0.6405161044673744,0.3659830764639232,0.1188881567991427,121693,16420,91887,77604,0.7472587966536675
49,vinayakumar_dnn,44,cic2017,heterogeneous,202.2973598030003,126007,0.5510011348575873,0.4489988651424127,0.5183759632401375,0.5293811833047922,0.5877957658779577,0.4214892697681117,0.4909408133136492,0.5169729895270485,0.0597863279485866,0.3627269031585273,36055,20522,40166,29264,0.6079991805589692
50,vinayakumar_dnn,44,cic2018,heterogeneous,202.2973598030003,40089,0.5509990271645588,0.4490009728354411,0.6827309236947792,0.6671753361401602,0.6745399001564713,0.8196840056136538,0.740062537041957,0.6665077302613056,0.3535576810606263,0.4853333333333333,9264,8736,3983,18106,0.7583459640545067
51,vinayakumar_dnn,44,darpa,heterogeneous,202.2973598030003,51912,0.5510094005239636,0.4489905994760363,0.8159963014331947,0.806653692634913,0.7946124822168615,0.8982310166410292,0.8432505169188356,0.8102602442356618,0.6294050232668225,0.284923631371203,16667,6641,2911,25693,0.8958878296924105
52,vinayakumar_dnn,44,unsw-nb15,same_domain_reextraction,202.2973598030003,7324,0.5510649918077554,0.4489350081922447,0.6975696340797378,0.7109112573215755,0.8180230527418791,0.5802775024777007,0.6789389766632845,0.6965478210197311,0.4299762363525575,0.1584549878345498,2767,521,1694,2342,0.8515848995295383
53,vinayakumar_dnn,44,POOLED_ALL_ROWS,pooled_row_weighted,202.2973598030003,307604,0.5510038881158893,0.4489961118841107,0.6527288331751213,0.6503600677210553,0.6891460374374483,0.6735814881026131,0.6812748766238803,0.6499206479786472,0.3000450162817668,0.3728613526605026,86616,51497,55325,114166,0.7432804277941841
55,vinayakumar_dnn,55,cic2017,heterogeneous,203.46163614199983,126007,0.5510011348575873,0.4489988651424127,0.5049957542041316,0.5245508113887487,0.5900873295541597,0.3328388304767392,0.4256114630912038,0.4953565257054936,0.0527696901926269,0.2837372076992417,40524,16053,46321,23109,0.6187396725164998
56,vinayakumar_dnn,55,cic2018,heterogeneous,203.46163614199983,40089,0.5509990271645588,0.4490009728354411,0.7124398213973908,0.7064343036503841,0.7271280485182159,0.7653130517452126,0.7457320569941329,0.7074240078311652,0.4160667017297955,0.3524444444444444,11656,6344,5184,16905,0.7989380649493716
57,vinayakumar_dnn,55,darpa,heterogeneous,203.46163614199983,51912,0.5510094005239636,0.4489905994760363,0.8154761904761905,0.8106420500605285,0.8164399055254317,0.8580268493916935,0.8367169521861416,0.8122998831215701,0.6259198985599379,0.2367427492706366,17790,5518,4061,24543,0.8633588887876678
58,vinayakumar_dnn,55,unsw-nb15,same_domain_reextraction,203.46163614199983,7324,0.5510649918077554,0.4489350081922447,0.6175587110868378,0.6395828661269981,0.782350251486054,0.4239345887016848,0.5498955487706894,0.6087163203794099,0.3034061755313708,0.1447688564476885,2812,476,2325,1711,0.8140927591457902
59,vinayakumar_dnn,55,POOLED_ALL_ROWS,pooled_row_weighted,203.46163614199983,307604,0.5510038881158893,0.4489961118841107,0.6496859598704828,0.6548217648630836,0.715588833090038,0.604474573871179,0.6553552695545378,0.6495911415729747,0.3087665166696737,0.2948310441450117,97393,40720,67038,102453,0.7473996367411373
61,rf_selected_1dcnn,11,cic2017,heterogeneous,516.8924684850003,126007,0.5510011348575873,0.4489988651424127,0.9881593879705096,0.9875964453323828,0.9855072463768116,0.9931153679965432,0.9892966799621224,0.9880241768810238,0.9760849257887736,0.0179224773317779,55563,1014,478,68952,0.998725997269482
62,rf_selected_1dcnn,11,cic2018,heterogeneous,516.8924684850003,40089,0.5509990271645588,0.4490009728354411,0.9929157624285964,0.992280799643865,0.9887479266597928,0.9985060437321744,0.9936030272997568,0.9928330378799382,0.9857261696059728,0.0139444444444444,17749,251,33,22056,0.997228185471904
63,rf_selected_1dcnn,11,darpa,heterogeneous,516.8924684850003,51912,0.5510094005239636,0.4489905994760363,0.9737825550932347,0.9732228354750238,0.973840748599854,0.9787092714305692,0.976268940384649,0.9734915592547908,0.9469982179196412,0.0322636004805217,22556,752,609,27995,0.9968717906952472
64,rf_selected_1dcnn,11,unsw-nb15,same_domain_reextraction,516.8924684850003,7324,0.5510649918077554,0.4489350081922447,0.9756963407973784,0.9730164227548171,0.9584125475285172,0.9992566897918732,0.9784085395439108,0.9753067057494694,0.95172419052611,0.0532238442822384,3113,175,3,4033,0.9839313800491442
65,rf_selected_1dcnn,11,POOLED_ALL_ROWS,pooled_row_weighted,516.8924684850003,307604,0.5510038881158893,0.4489961118841107,0.9354332193339489,0.929028988995173,0.9009894091415832,0.9918107746134012,0.9442211718581054,0.9337897490101552,0.8736478586177352,0.133752796623055,119640,18473,1388,168103,0.9914054231765248
67,rf_selected_1dcnn,22,cic2017,heterogeneous,481.9988056799998,126007,0.5510011348575873,0.4489988651424127,0.9768187481647844,0.9762633629014412,0.9763504318803627,0.9817081953046234,0.9790219834675132,0.97656019677397,0.95313864565155,0.0291814695017409,54926,1651,1270,68160,0.9986346694658328
68,rf_selected_1dcnn,22,cic2018,heterogeneous,481.9988056799998,40089,0.5509990271645588,0.4490009728354411,0.9956846017610816,0.9954155537446996,0.9941378066378066,0.9980533297116212,0.9960917203207952,0.9956372616027722,0.991284107877786,0.0072222222222222,17870,130,43,22046,0.9979408881243051
69,rf_selected_1dcnn,22,darpa,heterogeneous,481.9988056799998,51912,0.5510094005239636,0.4489905994760363,0.9820465402989674,0.9832597600362496,0.9959495304322892,0.971367640889386,0.9835050086722594,0.9819050760786596,0.9641791390140672,0.0048481208168869,23195,113,819,27785,0.9974799634328998
70,rf_selected_1dcnn,22,unsw-nb15,same_domain_reextraction,481.9988056799998,7324,0.5510649918077554,0.4489350081922447,0.9758328782086292,0.9735630541669982,0.9617133285474994,0.9957879088206144,0.9784540474741328,0.9754698342453828,0.9517059428282132,0.048661800486618,3128,160,17,4019,0.9842208219093848
71,rf_selected_1dcnn,22,POOLED_ALL_ROWS,pooled_row_weighted,481.9988056799998,307604,0.5510038881158893,0.4489961118841107,0.917949701564349,0.914444620438254,0.906627728666787,0.948805541297178,0.9272372407868146,0.916590771499649,0.8344253489274966,0.11991630042067,121551,16562,8677,160814,0.9871430077141536
73,rf_selected_1dcnn,33,cic2017,heterogeneous,481.5911369640002,126007,0.5510011348575873,0.4489988651424127,0.9769695334386184,0.976020635750532,0.9732125074686316,0.9853233472562292,0.9792304829521056,0.9766933428207852,0.953480718457524,0.0332820757551655,54694,1883,1019,68411,0.997832929810406
74,rf_selected_1dcnn,33,cic2018,heterogeneous,481.5911369640002,40089,0.5509990271645588,0.4490009728354411,0.9918930379904712,0.99131159928773,0.9883762678395116,0.9970120874643488,0.992675396092042,0.9917994792619844,0.9836459971029976,0.0143888888888888,17741,259,66,22023,0.9965568470480533
75,rf_selected_1dcnn,33,darpa,heterogeneous,481.5911369640002,51912,0.5510094005239636,0.4489905994760363,0.9384728001232856,0.934894519715518,0.922373670212766,0.969969235072018,0.9455728989162292,0.9374076280137196,0.876383399914702,0.1001801956409816,20973,2335,859,27745,0.9894281595649912
76,rf_selected_1dcnn,33,unsw-nb15,same_domain_reextraction,481.5911369640002,7324,0.5510649918077554,0.4489350081922447,0.934188967777171,0.9358908509545478,0.9596482152095188,0.919226957383548,0.9390027841052898,0.9337765180532378,0.8685719763231361,0.0474452554744525,3132,156,326,3710,0.9854806211854864
77,rf_selected_1dcnn,33,POOLED_ALL_ROWS,pooled_row_weighted,481.5911369640002,307604,0.5510038881158893,0.4489961118841107,0.8902224938557366,0.8868631763138517,0.8854212221206218,0.9197951513649693,0.9022809220921282,0.8885250319278869,0.7778873537135366,0.1460687987372658,117939,20174,13594,155897,0.9672850612780056
79,rf_selected_1dcnn,44,cic2017,heterogeneous,478.7390351850004,126007,0.5510011348575873,0.4489988651424127,0.984365947923528,0.9838432863731824,0.9827675044369384,0.9889673051994816,0.9858576576835274,0.9841900517382468,0.9684044206723326,0.0212807324531169,55373,1204,766,68664,0.999143338437758
80,rf_selected_1dcnn,44,cic2018,heterogeneous,478.7390351850004,40089,0.5509990271645588,0.4490009728354411,0.994736710818429,0.994318861575143,0.9920827710301394,0.9984155009280636,0.9952390622532096,0.9946774524294856,0.9893800702932348,0.0097777777777777,17824,176,35,22054,0.9978322807732356
81,rf_selected_1dcnn,44,darpa,heterogeneous,478.7390351850004,51912,0.5510094005239636,0.4489905994760363,0.9823932809369702,0.98284756390243,0.9895339792093912,0.9783946301216612,0.9839327778363745,0.982230141101919,0.9645372618224604,0.012699502316801,23012,296,618,27986,0.9979245473486122
82,rf_selected_1dcnn,44,unsw-nb15,same_domain_reextraction,478.7390351850004,7324,0.5510649918077554,0.4489350081922447,0.949208083014746,0.9497718525967028,0.9628600303183426,0.9442517343904856,0.953465098824118,0.9487794385013286,0.8977776742810302,0.0447080291970802,3141,147,225,3811,0.9862516623502828
83,rf_selected_1dcnn,44,POOLED_ALL_ROWS,pooled_row_weighted,478.7390351850004,307604,0.5510038881158893,0.4489961118841107,0.9341263442608028,0.93066334951049,0.9197504472372552,0.96461169029624,0.941647060178719,0.9330136412630838,0.8674204257886734,0.1032849912752601,123848,14265,5998,163493,0.9903774892187494
85,rf_selected_1dcnn,55,cic2017,heterogeneous,480.097709273,126007,0.5510011348575873,0.4489988651424127,0.9861118826731848,0.9871797885845296,0.9980425632119624,0.9767103557539968,0.987261239226648,0.985997897479302,0.9722738278720005,0.0023507785849373,56444,133,1617,67813,0.99939639541106
86,rf_selected_1dcnn,55,cic2018,heterogeneous,480.097709273,40089,0.5509990271645588,0.4490009728354411,0.9918182044949986,0.9918350310109104,0.9934690915687786,0.9916700620218208,0.99256876161131,0.991733881360594,0.9834697781350082,0.008,17856,144,184,21905,0.9971988898446184
87,rf_selected_1dcnn,55,darpa,heterogeneous,480.097709273,51912,0.5510094005239636,0.4489905994760363,0.9464863615349052,0.9471865716467474,0.9617062356979404,0.940323031743812,0.9508944354097434,0.946051636565449,0.8923918216285674,0.0459498884503174,22237,1071,1707,26897,0.9912223958843432
88,rf_selected_1dcnn,55,unsw-nb15,same_domain_reextraction,480.097709273,7324,0.5510649918077554,0.4489350081922447,0.9531676679410158,0.9535054340618134,0.9642946944933368,0.9501982160555004,0.957194558841882,0.9527495024804736,0.9056248325313032,0.0431873479318734,3146,142,201,3835,0.982225963891883
89,rf_selected_1dcnn,55,POOLED_ALL_ROWS,pooled_row_weighted,480.097709273,307604,0.5510038881158893,0.4489961118841107,0.9195296550109882,0.9174761171433884,0.9180907483794932,0.9376073065826503,0.9277463987039712,0.918475342237949,0.8372090961731112,0.1026550722958736,123935,14178,10575,158916,0.9852096898421892
91,nb_embedding_svm,11,cic2017,heterogeneous,282.7221452230005,20000,0.551,0.449,0.9785,0.9777586004793876,0.9761690647482014,0.98502722323049,0.9805781391147244,0.9782509956491876,0.9565520319487928,0.0295100222717149,8715,265,165,10855,0.996557372907732
92,nb_embedding_svm,11,cic2018,heterogeneous,282.7221452230005,20000,0.551,0.449,0.98885,0.9890574537488026,0.9926987314045816,0.9870235934664248,0.9898530281658096,0.988739974661055,0.9774999579978928,0.0089086859688195,8900,80,143,10877,0.9967759469520896
93,nb_embedding_svm,11,darpa,heterogeneous,282.7221452230005,20000,0.551,0.449,0.96285,0.9649589327361872,0.9877551020408164,0.9442831215970962,0.965530039434006,0.9626240601073528,0.9263945210946232,0.0143652561247216,8851,129,614,10406,0.9914522694109514
94,nb_embedding_svm,11,unsw-nb15,same_domain_reextraction,282.7221452230005,7324,0.5510649918077554,0.4489350081922447,0.9699617695248498,0.9680387160325924,0.9597590361445784,0.986868186323092,0.9731248473002688,0.9695398300258694,0.9395626596340212,0.0507907542579075,3121,167,53,3983,0.984513541749558
95,nb_embedding_svm,11,POOLED_ALL_ROWS,pooled_row_weighted,282.7221452230005,87324,0.5510054509642252,0.4489945490357748,0.9388942329714626,0.9343726321102972,0.9161316680284812,0.9786973148225122,0.946381559114934,0.9376789999754092,0.8781208519791955,0.1099520506019179,34897,4311,1025,47091,0.9856750791047222
97,nb_embedding_svm,22,cic2017,heterogeneous,272.85327117,20000,0.551,0.449,0.98025,0.979326007784995,0.9760731248319742,0.9883847549909256,0.9821903602506876,0.9800127492853236,0.9601224423820032,0.0297327394209354,8713,267,128,10892,0.9973596194810812
98,nb_embedding_svm,22,cic2018,heterogeneous,272.85327117,20000,0.551,0.449,0.98865,0.9889068872550012,0.9929661094363752,0.9863883847549908,0.9896663176583056,0.9885391423038936,0.97710513863467,0.0085746102449888,8903,77,150,10870,0.996594499169358
99,nb_embedding_svm,22,darpa,heterogeneous,272.85327117,20000,0.551,0.449,0.96185,0.963731967388712,0.984872837288456,0.9452813067150636,0.9646710191230264,0.961605193852118,0.924166344193851,0.0178173719376391,8820,160,603,10417,0.9894630435046222
100,nb_embedding_svm,22,unsw-nb15,same_domain_reextraction,272.85327117,7324,0.5510649918077554,0.4489350081922447,0.970780993992354,0.9688665755162178,0.9604819277108434,0.987611496531219,0.9738578060102614,0.9703705619342547,0.9412245432167125,0.0498783454987834,3124,164,50,3986,0.983614847757048
101,nb_embedding_svm,22,POOLED_ALL_ROWS,pooled_row_weighted,272.85327117,87324,0.5510054509642252,0.4489945490357748,0.9396156841189136,0.9350485485079424,0.9163799638462884,0.9798196026269848,0.9470385585006478,0.9384057412600462,0.8796537019027344,0.1097225056110997,34906,4302,971,47145,0.9858662539565296
103,nb_embedding_svm,33,cic2017,heterogeneous,290.6011059900002,20000,0.551,0.449,0.9804,0.97982287721454,0.979084024522178,0.985480943738657,0.9822720694645442,0.9801789685426476,0.960383914066139,0.0258351893095768,8748,232,160,10860,0.9967454900787796
104,nb_embedding_svm,33,cic2018,heterogeneous,290.6011059900002,20000,0.551,0.449,0.9892,0.989344136395054,0.9924339106654512,0.9879310344827588,0.9901773533424284,0.989092008153724,0.978196627153018,0.0092427616926503,8897,83,133,10887,0.997121987154354
105,nb_embedding_svm,33,darpa,heterogeneous,290.6011059900002,20000,0.551,0.449,0.96015,0.9624366913366666,0.9870414483087184,0.9400181488203266,0.9629560771554728,0.9599200185615072,0.9211788633204928,0.0151447661469933,8844,136,661,10359,0.9900209479423928
106,nb_embedding_svm,33,unsw-nb15,same_domain_reextraction,290.6011059900002,7324,0.5510649918077554,0.4489350081922447,0.9702348443473512,0.9684274015611324,0.9608884596813134,0.9861248761149654,0.9733431156762044,0.9698245717484576,0.9400666286687676,0.0492700729927007,3126,162,56,3980,0.983351403668685
107,nb_embedding_svm,33,POOLED_ALL_ROWS,pooled_row_weighted,290.6011059900002,87324,0.5510054509642252,0.4489945490357748,0.9387797169163116,0.9343277402164656,0.9165205874332903,0.9779699060603542,0.946248667779364,0.9375743937380662,0.877810206270172,0.1093144256274229,34922,4286,1060,47056,0.985027463576809
109,nb_embedding_svm,44,cic2017,heterogeneous,283.088074667,20000,0.551,0.449,0.98115,0.9804313073213716,0.9785091268770794,0.9874773139745916,0.982972765457748,0.980931480438712,0.9619141499784172,0.0266146993318485,8741,239,138,10882,0.9975315229649272
110,nb_embedding_svm,44,cic2018,heterogeneous,283.088074667,20000,0.551,0.449,0.98955,0.9897648131156552,0.9933375924066806,0.9876588021778584,0.9904900577876872,0.9894468820814372,0.9789137872854088,0.0081291759465478,8907,73,136,10884,0.9972078100558208
111,nb_embedding_svm,44,darpa,heterogeneous,283.088074667,20000,0.551,0.449,0.95985,0.962102615612836,0.9864774783353968,0.9400181488203266,0.9626876074531852,0.959616437527123,0.9205409546233868,0.0158129175946547,8838,142,661,10359,0.990525012227212
112,nb_embedding_svm,44,unsw-nb15,same_domain_reextraction,283.088074667,7324,0.5510649918077554,0.4489350081922447,0.9699617695248498,0.9680668991244252,0.9599807135969142,0.9866204162537164,0.9731182795698924,0.969541813052273,0.9395497640227726,0.0504866180048661,3122,166,54,3982,0.9827068096378336
113,nb_embedding_svm,44,POOLED_ALL_ROWS,pooled_row_weighted,283.088074667,87324,0.5510054509642252,0.4489945490357748,0.9384934267784344,0.9339404603026192,0.9156052503646086,0.9785726161775709,0.9460423343145036,0.9372655118920968,0.8773318948173373,0.1106916955723321,34868,4340,1031,47085,0.9853799288171994
115,nb_embedding_svm,55,cic2017,heterogeneous,278.6081410460001,20000,0.551,0.449,0.98,0.9793465212066338,0.9781199351701784,0.9857531760435572,0.9819217210521558,0.9797714233547676,0.959579903636552,0.0270601336302895,8737,243,157,10863,0.9972388732371594
116,nb_embedding_svm,55,cic2018,heterogeneous,278.6081410460001,20000,0.551,0.449,0.98925,0.9894616591012898,0.9930637948343524,0.9873865698729584,0.9902170450925968,0.9891439217584164,0.978307860447902,0.0084632516703786,8904,76,139,10881,0.9973106803180288
117,nb_embedding_svm,55,darpa,heterogeneous,278.6081410460001,20000,0.551,0.449,0.9574,0.9598278489403758,0.9859491493022366,0.9360254083484574,0.96033888837166,0.9571648000557944,0.9158370622120822,0.016369710467706,8833,147,705,10315,0.9893226124600344
118,nb_embedding_svm,55,unsw-nb15,same_domain_reextraction,278.6081410460001,7324,0.5510649918077554,0.4489350081922447,0.9692790824685964,0.9674192908591532,0.9597104945717732,0.985629335976214,0.9724972497249724,0.9688526143475644,0.9381463207354036,0.0507907542579075,3121,167,58,3978,0.9838931369499324
119,nb_embedding_svm,55,POOLED_ALL_ROWS,pooled_row_weighted,278.6081410460001,87324,0.5510054509642252,0.4489945490357748,0.9379552013192248,0.9335110809202184,0.9159328241895262,0.977076232438274,0.9455170749366476,0.9367365173630104,0.8761087316645404,0.1100540705978371,34893,4315,1103,47013,0.9857351422217602
121,seq2seq_convlstm,11,cic2017,heterogeneous,1132.430933707,126000,0.551,0.449,0.974904761904762,0.9745018602107758,0.976061842634634,0.978451876818483,0.9772553984261484,0.9746338242993742,0.9492712729948782,0.0294481563969314,54908,1666,1496,67930,0.9968613515483724
122,seq2seq_convlstm,11,cic2018,heterogeneous,1132.430933707,40082,0.5509705104535702,0.4490294895464298,0.988698168754054,0.9889007395194688,0.9925315360444464,0.9869136026082233,0.9897145970982903,0.9885867080339324,0.9771930246260744,0.0091121235692854,17834,164,289,21795,0.9973779299452842
123,seq2seq_convlstm,11,darpa,heterogeneous,1132.430933707,51905,0.5510066467585011,0.4489933532414989,0.9660533667276756,0.9682107219105718,0.9909270505597424,0.9470629370629372,0.968498587621125,0.9658475894075214,0.9328587931756466,0.0106414932417936,23057,248,1514,27086,0.9911536016011452
124,seq2seq_convlstm,11,unsw-nb15,same_domain_reextraction,1132.430933707,7317,0.5510455104551045,0.4489544895448955,0.7888478884788848,0.7884146010002174,0.818437900128041,0.7926587301587301,0.8053420687917349,0.7873208776092466,0.5751222329118628,0.2158295281582953,2576,709,836,3196,0.8769795215143388
125,seq2seq_convlstm,11,POOLED_ALL_ROWS,pooled_row_weighted,1132.430933707,307569,0.5510113177856025,0.4489886822143974,0.9667424220256268,0.9669272522855622,0.9742850505423548,0.9651155929523112,0.9696786452173244,0.966427601313416,0.932908155521469,0.0312610883811868,133778,4317,5912,163562,0.9942385999875936
127,seq2seq_convlstm,22,cic2017,heterogeneous,1237.23611403,126000,0.551,0.449,0.9745158730158732,0.9742978487870344,0.9772940243638722,0.9764353412266298,0.9768644940954384,0.9742505123799808,0.9485014908809728,0.0278396436525612,54999,1575,1636,67790,0.9963812329375556
128,seq2seq_convlstm,22,cic2018,heterogeneous,1237.23611403,40082,0.5509705104535702,0.4490294895464298,0.9825607504615538,0.9832796959528538,0.9919937422353104,0.9762271327658032,0.9840472875824452,0.982407994631732,0.9649693024123396,0.0096677408600955,17824,174,525,21559,0.9970097202734132
129,seq2seq_convlstm,22,darpa,heterogeneous,1237.23611403,51905,0.5510066467585011,0.4489933532414989,0.9613910027935652,0.963590686292896,0.9873204338903548,0.942027972027972,0.9641425708559976,0.9611623083402312,0.9235679470712336,0.0148465994421797,22959,346,1658,26942,0.9912179692223676
130,seq2seq_convlstm,22,unsw-nb15,same_domain_reextraction,1237.23611403,7317,0.5510455104551045,0.4489544895448955,0.8398250649173158,0.8325264323766035,0.8227990970654627,0.9040178571428572,0.8614984637201607,0.8358043193519793,0.6767976813261525,0.2389649923896499,2500,785,387,3645,0.9087144548331764
131,seq2seq_convlstm,22,POOLED_ALL_ROWS,pooled_row_weighted,1237.23611403,307569,0.5510113177856025,0.4489886822143974,0.9633675695534986,0.9640257294323702,0.9754930542615156,0.9575746132150064,0.9664507868447304,0.9630555420423228,0.9263117283959932,0.0295231543502661,134018,4077,7190,162284,0.9933792689190674
133,seq2seq_convlstm,33,cic2017,heterogeneous,1180.553215834001,126000,0.551,0.449,0.9747698412698412,0.9737560852955418,0.97089890675424,0.9836948693573012,0.9772550029692274,0.974465000259484,0.949035249335356,0.0361826987662177,54527,2047,1132,68294,0.9962478710132876
134,seq2seq_convlstm,33,cic2018,heterogeneous,1180.553215834001,40082,0.5509705104535702,0.4490294895464298,0.9934384511750912,0.993243616756387,0.9929517010798355,0.9951548632494114,0.9940520614243392,0.9933678673049312,0.9867387677815778,0.0086676297366374,17842,156,107,21977,0.9968727783736724
135,seq2seq_convlstm,33,darpa,heterogeneous,1180.553215834001,51905,0.5510066467585011,0.4489933532414989,0.9672093247278682,0.9691285934618912,0.9897669337217772,0.9503146853146852,0.9696396717802356,0.966997846361322,0.9349409512489124,0.0120574983909032,23024,281,1421,27179,0.9921806044202528
136,seq2seq_convlstm,33,unsw-nb15,same_domain_reextraction,1180.553215834001,7317,0.5510455104551045,0.4489544895448955,0.8026513598469318,0.7967659409654273,0.800790330079033,0.8544146825396826,0.8267338612910967,0.7987637560423737,0.5997816017976703,0.260882800608828,2428,857,587,3445,0.8810010781329274
137,seq2seq_convlstm,33,POOLED_ALL_ROWS,pooled_row_weighted,1180.553215834001,307569,0.5510113177856025,0.4489886822143974,0.9678673728496696,0.9672783373914842,0.968770377681042,0.9730519135678628,0.9709064254320764,0.9675128915583312,0.9350375088080164,0.0384952387848944,132779,5316,4567,164907,0.9940136177288088
139,seq2seq_convlstm,44,cic2017,heterogeneous,1333.597130346001,126000,0.551,0.449,0.9729761904761904,0.9718895868809572,0.9688525288678682,0.9825425633048136,0.9756495247902855,0.9726465014092912,0.945413782797844,0.0387633895428995,54381,2193,1212,68214,0.9954068196313132
140,seq2seq_convlstm,44,cic2018,heterogeneous,1333.597130346001,40082,0.5509705104535702,0.4490294895464298,0.9930143206426824,0.9928330225224364,0.9927234927234928,0.9946114834269154,0.9936665912689436,0.9929394312522056,0.9858810898232192,0.0089454383820424,17837,161,119,21965,0.997330239293428
141,seq2seq_convlstm,44,darpa,heterogeneous,1333.597130346001,51905,0.5510066467585011,0.4489933532414989,0.9622772372603796,0.9640493088760628,0.9842591246182928,0.9466783216783216,0.9651030156127468,0.9620282593052624,0.9249195838970562,0.018579703926196,22872,433,1525,27075,0.99097565350333
142,seq2seq_convlstm,44,unsw-nb15,same_domain_reextraction,1333.597130346001,7317,0.5510455104551045,0.4489544895448955,0.8170015033483669,0.8143832218960643,0.829943641264396,0.8400297619047619,0.8349562430666831,0.8148098191257354,0.6296942837785097,0.2112633181126331,2591,694,645,3387,0.8966445377618323
143,seq2seq_convlstm,44,POOLED_ALL_ROWS,pooled_row_weighted,1333.597130346001,307569,0.5510113177856025,0.4489886822143974,0.9665343386362084,0.9660921759955188,0.968888260487914,0.9704261420630892,0.969656591503374,0.9661762178018388,0.9323539449560216,0.0382417900720518,132814,5281,5012,164462,0.99353785620696
145,seq2seq_convlstm,55,cic2017,heterogeneous,1337.590995466,126000,0.551,0.449,0.9751031746031746,0.9738344241424286,0.9690901113831608,0.986273154149742,0.977606133506564,0.9747882164624416,0.94976721505294,0.0386043058648849,54390,2184,953,68473,0.9966695860752144
146,seq2seq_convlstm,55,cic2018,heterogeneous,1337.590995466,40082,0.5509705104535702,0.4490294895464298,0.9920662641584752,0.9918441701717386,0.9915981570150872,0.9940228219525448,0.992809009090498,0.9919807106550926,0.9839651000717032,0.0103344816090676,17812,186,132,21952,0.9973144958810152
147,seq2seq_convlstm,55,darpa,heterogeneous,1337.590995466,51905,0.5510066467585011,0.4489933532414989,0.9605433002600906,0.9615742142431694,0.9763203214695751,0.9514685314685316,0.963734239977334,0.9602354498716362,0.9208545642043257,0.0283201029821926,22645,660,1388,27212,0.9891676776345302
148,seq2seq_convlstm,55,unsw-nb15,same_domain_reextraction,1337.590995466,7317,0.5510455104551045,0.4489544895448955,0.7999179991799918,0.7941165878451837,0.7990218910107126,0.8509424603174603,0.8241652654335816,0.7960395128689786,0.5941927789003071,0.2627092846270928,2422,863,601,3431,0.8658352661206543
149,seq2seq_convlstm,55,POOLED_ALL_ROWS,pooled_row_weighted,1337.590995466,307569,0.5510113177856025,0.4489886822143974,0.9661376796751298,0.9655995013924412,0.9677738108542088,0.970874588432444,0.9693217198688624,0.965768943824334,0.9315440374417734,0.0396755856475614,132616,5479,4936,164538,0.9931456002075942
