model,seed,test_source,source_class_quota,n_train_used,n_test_raw,n_test_ratio_matched,n_test_evaluated,target_normal_ratio,target_attack_ratio,actual_normal_ratio,actual_attack_ratio,test_normal_pct,test_attack_pct,fit_seconds,prediction_seconds,n_test,tn,fp,fn,tp,accuracy,balanced_accuracy,precision,recall,specificity,f1,macro_f1,mcc,false_positive_rate,roc_auc
kilichev_1dcnn,11,CIC-IDS2017,8140,65120,6978,4195,4195,0.831585211044113,0.168414788955887,0.831466030989273,0.168533969010727,83.1466030989273,16.853396901072706,137.267315941,3.836314350999942,4195,3448,40,82,625,0.970917759237187,0.936274541608814,0.93984962406015,0.884016973125884,0.990538990825688,0.911078717201166,0.94684742357636,0.894313190262199,0.011467889908257,0.936274541608814
kilichev_1dcnn,11,CSE-CIC-IDS2018,8140,65120,6978,4195,4195,0.831585211044113,0.168414788955887,0.831466030989273,0.168533969010727,83.1466030989273,16.853396901072706,137.267315941,0.2454484920000368,4195,3385,103,480,227,0.861025029797378,0.64577257406278,0.687878787878788,0.321074964639321,0.8965022935779816,0.437801350048216,0.679256992173571,0.405389078500339,0.029529816513762,0.64577257406278
kilichev_1dcnn,11,DARPA,8140,65120,6978,4195,4195,0.831585211044113,0.168414788955887,0.831466030989273,0.168533969010727,83.1466030989273,16.853396901072706,137.267315941,0.2402483169998959,4195,3413,75,81,626,0.962812872467223,0.931964553352452,0.893009985734665,0.885431400282885,0.983658256880734,0.889204545454545,0.933430688653941,0.866873230312921,0.021502293577982,0.931964553352452
kilichev_1dcnn,11,UNSW-NB15,8140,65120,6978,4195,4195,0.831585211044113,0.168414788955887,0.831466030989273,0.168533969010727,83.1466030989273,16.853396901072706,137.267315941,0.2493904970000358,4195,3168,320,0,707,0.923718712753278,0.954128440366973,0.688412852969815,1.0,0.9532683486238532,0.815455594002307,0.883689335462692,0.790731124021004,0.091743119266055,0.954128440366973
kilichev_1dcnn,11,POOLED_ALL_ROWS,8140,65120,27912,16780,16780,0.831585211044113,0.168414788955887,0.831466030989273,0.168533969010727,83.1466030989273,16.853396901072706,137.267315941,4.57140165699991,16780,13414,538,643,2185,0.929618593563766,0.867035027347755,0.802423797282409,0.772630834512023,0.9559919724770642,0.787245541343902,0.872540261478477,0.745290012388701,0.038560779816514,0.867035027347755
kilichev_1dcnn,22,CIC-IDS2017,8140,65120,6978,4195,4195,0.831585211044113,0.168414788955887,0.831466030989273,0.168533969010727,83.1466030989273,16.853396901072706,81.99012313399999,1.442567920999977,4195,3437,51,82,625,0.968295589988081,0.934697706746428,0.924556213017751,0.884016973125884,0.9879587155963304,0.903832248734635,0.942425614876808,0.885181458492933,0.014621559633027,0.934697706746428
kilichev_1dcnn,22,CSE-CIC-IDS2018,8140,65120,6978,4195,4195,0.831585211044113,0.168414788955887,0.831466030989273,0.168533969010727,83.1466030989273,16.853396901072706,81.99012313399999,0.2437883639998972,4195,3376,112,473,234,0.860548271752086,0.649432931497606,0.676300578034682,0.330975954738331,0.8956422018348624,0.444444444444444,0.682355791801069,0.406688837199996,0.032110091743119,0.649432931497606
kilichev_1dcnn,22,DARPA,8140,65120,6978,4195,4195,0.831585211044113,0.168414788955887,0.831466030989273,0.168533969010727,83.1466030989273,16.853396901072706,81.99012313399999,0.242219784000099,4195,3385,103,73,634,0.958045292014303,0.933608500512568,0.860244233378562,0.896746817538897,0.9787844036697247,0.878116343490305,0.926389009637465,0.853059826187604,0.029529816513762,0.933608500512568
kilichev_1dcnn,22,UNSW-NB15,8140,65120,6978,4195,4195,0.831585211044113,0.168414788955887,0.831466030989273,0.168533969010727,83.1466030989273,16.853396901072706,81.99012313399999,0.245737538999947,4195,3175,313,6,701,0.923957091775924,0.950888599262941,0.691321499013807,0.991513437057992,0.9535550458715596,0.814642649622313,0.883404695631369,0.788490350691243,0.08973623853211,0.950888599262941
kilichev_1dcnn,22,POOLED_ALL_ROWS,8140,65120,27912,16780,16780,0.831585211044113,0.168414788955887,0.831466030989273,0.168533969010727,83.1466030989273,16.853396901072706,81.99012313399999,2.1743136079999204,16780,13373,579,634,2194,0.927711561382598,0.867156934504886,0.79120086548864,0.775813295615276,0.9539850917431192,0.783431530083914,0.870023286770202,0.74010300586306,0.041499426605505,0.867156934504886
kilichev_1dcnn,33,CIC-IDS2017,8140,65120,6978,4195,4195,0.831585211044113,0.168414788955887,0.831466030989273,0.168533969010727,83.1466030989273,16.853396901072706,106.11801690599998,1.4551061109999637,4195,3484,4,134,573,0.967103694874851,0.904659985985492,0.993067590987868,0.81046676096181,0.9948394495412844,0.892523364485981,0.936551578105642,0.879621862578967,0.001146788990826,0.904659985985492
kilichev_1dcnn,33,CSE-CIC-IDS2018,8140,65120,6978,4195,4195,0.831585211044113,0.168414788955887,0.831466030989273,0.168533969010727,83.1466030989273,16.853396901072706,106.11801690599998,0.2501771629999894,4195,2903,585,291,416,0.791179976162098,0.710341903702166,0.415584415584416,0.588401697312588,0.8741399082568807,0.48711943793911,0.678010482214093,0.369461548592277,0.167717889908257,0.710341903702166
kilichev_1dcnn,33,DARPA,8140,65120,6978,4195,4195,0.831585211044113,0.168414788955887,0.831466030989273,0.168533969010727,83.1466030989273,16.853396901072706,106.11801690599998,0.2480251660000476,4195,3475,13,157,550,0.959475566150179,0.887103936065297,0.976909413854352,0.777934936350778,0.9822247706422018,0.866141732283465,0.921132663894541,0.85021431050268,0.003727064220184,0.887103936065297
kilichev_1dcnn,33,UNSW-NB15,8140,65120,6978,4195,4195,0.831585211044113,0.168414788955887,0.831466030989273,0.168533969010727,83.1466030989273,16.853396901072706,106.11801690599998,0.2482894949999945,4195,3292,196,59,648,0.939213349225268,0.930178068593229,0.767772511848341,0.916548797736917,0.9541284403669724,0.835589941972921,0.899151894513292,0.803373993483082,0.056192660550459,0.930178068593229
kilichev_1dcnn,33,POOLED_ALL_ROWS,8140,65120,27912,16780,16780,0.831585211044113,0.168414788955887,0.831466030989273,0.168533969010727,83.1466030989273,16.853396901072706,106.11801690599998,2.2015979349999952,16780,13154,798,641,2187,0.914243146603099,0.858070973586546,0.732663316582915,0.773338048090523,0.9513331422018348,0.752451402029933,0.850294969764741,0.701009702511681,0.057196100917431,0.858070973586546
kilichev_1dcnn,44,CIC-IDS2017,8140,65120,6978,4195,4195,0.831585211044113,0.168414788955887,0.831466030989273,0.168533969010727,83.1466030989273,16.853396901072706,114.03546295300008,1.4723129170000675,4195,3476,12,110,597,0.970917759237187,0.920486322878684,0.980295566502463,0.844413012729844,0.9922591743119266,0.907294832826748,0.945024289469636,0.893647049601083,0.003440366972477,0.920486322878684
kilichev_1dcnn,44,CSE-CIC-IDS2018,8140,65120,6978,4195,4195,0.831585211044113,0.168414788955887,0.831466030989273,0.168533969010727,83.1466030989273,16.853396901072706,114.03546295300008,0.2463935979999405,4195,3275,213,419,288,0.849344457687723,0.67314425372747,0.574850299401198,0.407355021216407,0.8790137614678899,0.47682119205298,0.694411709922341,0.399731814591201,0.061066513761468,0.67314425372747
kilichev_1dcnn,44,DARPA,8140,65120,6978,4195,4195,0.831585211044113,0.168414788955887,0.831466030989273,0.168533969010727,83.1466030989273,16.853396901072706,114.03546295300008,0.2459418309999819,4195,3484,4,127,580,0.968772348033373,0.909610481034997,0.993150684931507,0.82036775106082,0.9951261467889908,0.898528272656855,0.940037484687351,0.885888030166922,0.001146788990826,0.909610481034997
kilichev_1dcnn,44,UNSW-NB15,8140,65120,6978,4195,4195,0.831585211044113,0.168414788955887,0.831466030989273,0.168533969010727,83.1466030989273,16.853396901072706,114.03546295300008,0.2334727240000802,4195,3127,361,0,707,0.913945172824791,0.948251146788991,0.661985018726592,1.0,0.9515481651376146,0.796619718309859,0.871023389011317,0.770370746850276,0.103497706422018,0.948251146788991
kilichev_1dcnn,44,POOLED_ALL_ROWS,8140,65120,27912,16780,16780,0.831585211044113,0.168414788955887,0.831466030989273,0.168533969010727,83.1466030989273,16.853396901072706,114.03546295300008,2.19812107000007,16780,13362,590,656,2172,0.925744934445769,0.862873051107535,0.786386676321506,0.768033946251768,0.9544868119266054,0.777101967799642,0.866277119044619,0.732635204410834,0.042287844036697,0.862873051107535
kilichev_1dcnn,55,CIC-IDS2017,8140,65120,6978,4195,4195,0.831585211044113,0.168414788955887,0.831466030989273,0.168533969010727,83.1466030989273,16.853396901072706,106.78710914299997,1.4947769230000176,4195,3460,28,87,620,0.972586412395709,0.934458657202549,0.95679012345679,0.876944837340877,0.9916857798165136,0.915129151291513,0.949391157024577,0.900032721923594,0.00802752293578,0.934458657202549
kilichev_1dcnn,55,CSE-CIC-IDS2018,8140,65120,6978,4195,4195,0.831585211044113,0.168414788955887,0.831466030989273,0.168533969010727,83.1466030989273,16.853396901072706,106.78710914299997,0.2530591740001,4195,3373,115,478,229,0.858641239570918,0.645466817733543,0.665697674418605,0.323903818953324,0.8841743119266054,0.435775451950523,0.67748712643854,0.396940944104216,0.032970183486238,0.645466817733543
kilichev_1dcnn,55,DARPA,8140,65120,6978,4195,4195,0.831585211044113,0.168414788955887,0.831466030989273,0.168533969010727,83.1466030989273,16.853396901072706,106.78710914299997,0.2487675760000911,4195,3418,70,83,624,0.963528009535161,0.931266869314717,0.899135446685879,0.882602545968883,0.983658256880734,0.890792291220557,0.934450373682964,0.868956920269945,0.020068807339449,0.931266869314717
kilichev_1dcnn,55,UNSW-NB15,8140,65120,6978,4195,4195,0.831585211044113,0.168414788955887,0.831466030989273,0.168533969010727,83.1466030989273,16.853396901072706,106.78710914299997,0.2428490209999836,4195,3168,320,0,707,0.923718712753278,0.954128440366973,0.688412852969815,1.0,0.9544151376146788,0.815455594002307,0.883689335462692,0.790731124021004,0.091743119266055,0.954128440366973
kilichev_1dcnn,55,POOLED_ALL_ROWS,8140,65120,27912,16780,16780,0.831585211044113,0.168414788955887,0.831466030989273,0.168533969010727,83.1466030989273,16.853396901072706,106.78710914299997,2.2394526940001924,16780,13419,533,648,2180,0.929618593563766,0.866330196154445,0.803538518245485,0.770862800565771,0.953483371559633,0.786861577332611,0.872355803834584,0.744963526084673,0.038202408256881,0.866330196154445
buhl_dcnn,11,CIC-IDS2017,8140,65120,6978,4343,4343,0.8031893901995703,0.1968106098004297,0.8031314759382915,0.1968685240617085,80.31314759382916,19.68685240617085,89.61822922600004,4.375802935000138,4343,3437,51,115,740,0.961777573106148,0.925437758195182,0.935524652338812,0.865497076023392,0.994552752293578,0.899149453219927,0.937784953882691,0.876622477819509,0.014621559633027,0.925437758195182
buhl_dcnn,11,CSE-CIC-IDS2018,8140,65120,6978,4343,4343,0.8031893901995703,0.1968106098004297,0.8031314759382915,0.1968685240617085,80.31314759382916,19.68685240617085,89.61822922600004,0.2093192510001245,4343,3404,84,641,214,0.833064701819019,0.61310491442674,0.718120805369127,0.250292397660819,0.8982224770642202,0.371205550737207,0.637481177067794,0.355807723982039,0.024082568807339,0.61310491442674
buhl_dcnn,11,DARPA,8140,65120,6978,4343,4343,0.8031893901995703,0.1968106098004297,0.8031314759382915,0.1968685240617085,80.31314759382916,19.68685240617085,89.61822922600004,0.2073269719999189,4343,3320,168,79,776,0.943126870826618,0.929718600783304,0.822033898305085,0.907602339181287,0.9767775229357798,0.862701500833797,0.913418414131143,0.828559811934958,0.048165137614679,0.929718600783304
buhl_dcnn,11,UNSW-NB15,8140,65120,6978,4343,4343,0.8031893901995703,0.1968106098004297,0.8031314759382915,0.1968685240617085,80.31314759382916,19.68685240617085,89.61822922600004,0.2094265719999839,4343,3163,325,29,826,0.918489523370942,0.936452632920221,0.71763683753258,0.966081871345029,0.952408256880734,0.823529411764706,0.885267699894329,0.786446720474978,0.093176605504587,0.936452632920221
buhl_dcnn,11,POOLED_ALL_ROWS,8140,65120,27912,17372,17372,0.8031893901995703,0.1968106098004297,0.8031314759382915,0.1968685240617085,80.31314759382916,19.68685240617085,89.61822922600004,5.001875730000165,17372,13324,628,864,2556,0.914114667280682,0.851178476581362,0.802763819095477,0.747368421052632,0.955490252293578,0.774076317383404,0.860527853076919,0.721841843632144,0.045011467889908,0.851178476581362
buhl_dcnn,22,CIC-IDS2017,8140,65120,6978,4343,4343,0.8031893901995703,0.1968106098004297,0.8031314759382915,0.1968685240617085,80.31314759382916,19.68685240617085,61.56465599299986,1.7697074519999203,4343,3430,58,107,748,0.962007828689846,0.929112680401309,0.928039702233251,0.874853801169591,0.9934059633027524,0.900662251655629,0.938587353585822,0.877783854904794,0.016628440366973,0.929112680401309
buhl_dcnn,22,CSE-CIC-IDS2018,8140,65120,6978,4343,4343,0.8031893901995703,0.1968106098004297,0.8031314759382915,0.1968685240617085,80.31314759382916,19.68685240617085,61.56465599299986,0.2061100359999272,4343,3387,101,625,230,0.832834446235321,0.620024712967434,0.694864048338369,0.269005847953216,0.8836009174311926,0.387858347386172,0.645529173693086,0.359730704434111,0.028956422018349,0.620024712967434
buhl_dcnn,22,DARPA,8140,65120,6978,4343,4343,0.8031893901995703,0.1968106098004297,0.8031314759382915,0.1968685240617085,80.31314759382916,19.68685240617085,61.56465599299986,0.2051391889999649,4343,3381,107,101,754,0.952106838590836,0.925597369762326,0.875725900116144,0.88187134502924,0.9845183486238532,0.878787878787879,0.924472849006565,0.84895421194125,0.030676605504587,0.925597369762326
buhl_dcnn,22,UNSW-NB15,8140,65120,6978,4343,4343,0.8031893901995703,0.1968106098004297,0.8031314759382915,0.1968685240617085,80.31314759382916,19.68685240617085,61.56465599299986,0.2342903149999529,4343,3125,363,18,837,0.912272622611098,0.937438133751811,0.6975,0.978947368421053,0.9532683486238532,0.814598540145985,0.878570571535819,0.7779561487281,0.104071100917431,0.937438133751811
buhl_dcnn,22,POOLED_ALL_ROWS,8140,65120,27912,17372,17372,0.8031893901995703,0.1968106098004297,0.8031314759382915,0.1968685240617085,80.31314759382916,19.68685240617085,61.56465599299986,2.415246991999765,17372,13323,629,851,2569,0.914805434031775,0.85304322422072,0.803314571607255,0.751169590643275,0.9536983944954128,0.776367482623149,0.861873565673375,0.724442164150901,0.045083142201835,0.85304322422072
buhl_dcnn,33,CIC-IDS2017,8140,65120,6978,4343,4343,0.8031893901995703,0.1968106098004297,0.8031314759382915,0.1968685240617085,80.31314759382916,19.68685240617085,73.7523590159999,1.7429295220001677,4343,3471,17,103,752,0.972369329956251,0.93732915526584,0.977893368010403,0.87953216374269,0.9974197247706422,0.926108374384236,0.954558010471642,0.911106779969264,0.004873853211009,0.93732915526584
buhl_dcnn,33,CSE-CIC-IDS2018,8140,65120,6978,4343,4343,0.8031893901995703,0.1968106098004297,0.8031314759382915,0.1968685240617085,80.31314759382916,19.68685240617085,73.7523590159999,0.2066373729999213,4343,3364,124,585,270,0.836748791158186,0.640119507484307,0.685279187817259,0.315789473684211,0.8893348623853211,0.432345876701361,0.668505868295551,0.387978996574134,0.035550458715596,0.640119507484307
buhl_dcnn,33,DARPA,8140,65120,6978,4343,4343,0.8031893901995703,0.1968106098004297,0.8031314759382915,0.1968685240617085,80.31314759382916,19.68685240617085,73.7523590159999,0.206798431000152,4343,3471,17,115,740,0.969606262951877,0.930311611406191,0.977542932628798,0.865497076023392,0.9968463302752294,0.918114143920596,0.949727131332647,0.902051377221243,0.004873853211009,0.930311611406191
buhl_dcnn,33,UNSW-NB15,8140,65120,6978,4343,4343,0.8031893901995703,0.1968106098004297,0.8031314759382915,0.1968685240617085,80.31314759382916,19.68685240617085,73.7523590159999,0.2103855109999131,4343,3185,303,15,840,0.926778724384066,0.947793437147916,0.73490813648294,0.982456140350877,0.9541284403669724,0.840840840840841,0.896646496975444,0.808687836791223,0.086869266055046,0.947793437147916
buhl_dcnn,33,POOLED_ALL_ROWS,8140,65120,27912,17372,17372,0.8031893901995703,0.1968106098004297,0.8031314759382915,0.1968685240617085,80.31314759382916,19.68685240617085,73.7523590159999,2.366750837000154,17372,13491,461,818,2602,0.926375777112595,0.863888427826064,0.849493960169768,0.760818713450292,0.9594323394495412,0.802714792534321,0.87872903916727,0.759366417556889,0.033041857798165,0.863888427826064
buhl_dcnn,44,CIC-IDS2017,8140,65120,6978,4343,4343,0.8031893901995703,0.1968106098004297,0.8031314759382915,0.1968685240617085,80.31314759382916,19.68685240617085,59.85787022799991,1.7785991730002024,4343,3471,17,91,764,0.975132396960626,0.94434669912549,0.978233034571063,0.893567251461988,0.9948394495412844,0.93398533007335,0.95933309056859,0.920133356548716,0.004873853211009,0.94434669912549
buhl_dcnn,44,CSE-CIC-IDS2018,8140,65120,6978,4343,4343,0.8031893901995703,0.1968106098004297,0.8031314759382915,0.1968685240617085,80.31314759382916,19.68685240617085,59.85787022799991,0.2108797849998609,4343,3109,379,429,426,0.813953488372093,0.694793678577177,0.529192546583851,0.498245614035088,0.8772935779816514,0.513253012048193,0.699125794381626,0.398656909609641,0.108658256880734,0.694793678577177
buhl_dcnn,44,DARPA,8140,65120,6978,4343,4343,0.8031893901995703,0.1968106098004297,0.8031314759382915,0.1968685240617085,80.31314759382916,19.68685240617085,59.85787022799991,0.205845384999975,4343,3484,4,109,746,0.973981119042137,0.935683915446108,0.994666666666667,0.872514619883041,0.9974197247706422,0.929595015576324,0.956818408790845,0.916671180885566,0.001146788990826,0.935683915446108
buhl_dcnn,44,UNSW-NB15,8140,65120,6978,4343,4343,0.8031893901995703,0.1968106098004297,0.8031314759382915,0.1968685240617085,80.31314759382916,19.68685240617085,59.85787022799991,0.2094114820001777,4343,3219,269,20,835,0.933456136311306,0.949743313750738,0.756340579710145,0.976608187134503,0.952408256880734,0.852475752935171,0.904757275902698,0.821440281741665,0.077121559633027,0.949743313750738
buhl_dcnn,44,POOLED_ALL_ROWS,8140,65120,27912,17372,17372,0.8031893901995703,0.1968106098004297,0.8031314759382915,0.1968685240617085,80.31314759382916,19.68685240617085,59.85787022799991,2.404735825000216,17372,13283,669,649,2771,0.92413078517154,0.881141901724878,0.805523255813953,0.810233918128655,0.955490252293578,0.807871720116618,0.880302235040378,0.760609989405734,0.047950114678899,0.881141901724878
buhl_dcnn,55,CIC-IDS2017,8140,65120,6978,4343,4343,0.8031893901995703,0.1968106098004297,0.8031314759382915,0.1968685240617085,80.31314759382916,19.68685240617085,73.1251805920001,1.8552447740000844,4343,3473,15,100,755,0.973520607874741,0.939370238478459,0.980519480519481,0.883040935672515,0.9977064220183486,0.929230769230769,0.956472062139815,0.914892476711739,0.004300458715596,0.939370238478459
buhl_dcnn,55,CSE-CIC-IDS2018,8140,65120,6978,4343,4343,0.8031893901995703,0.1968106098004297,0.8031314759382915,0.1968685240617085,80.31314759382916,19.68685240617085,73.1251805920001,0.2338330550001046,4343,3356,132,569,286,0.838590835827769,0.64832944363968,0.684210526315789,0.334502923976608,0.8910550458715596,0.449332285938727,0.677384340730054,0.399963801463863,0.037844036697248,0.64832944363968
buhl_dcnn,55,DARPA,8140,65120,6978,4343,4343,0.8031893901995703,0.1968106098004297,0.8031314759382915,0.1968685240617085,80.31314759382916,19.68685240617085,73.1251805920001,0.2054528210001081,4343,3467,21,113,742,0.969145751784481,0.930907807554053,0.972477064220184,0.867836257309942,0.9951261467889908,0.917181705809642,0.94911150938473,0.90049617398478,0.006020642201835,0.930907807554053
buhl_dcnn,55,UNSW-NB15,8140,65120,6978,4343,4343,0.8031893901995703,0.1968106098004297,0.8031314759382915,0.1968685240617085,80.31314759382916,19.68685240617085,73.1251805920001,0.2085400139999365,4343,3183,305,14,841,0.926548468800368,0.948091535221847,0.733856893542757,0.983625730994152,0.9526949541284404,0.840579710144927,0.896430468385852,0.808545387710611,0.087442660550459,0.948091535221847
buhl_dcnn,55,POOLED_ALL_ROWS,8140,65120,27912,17372,17372,0.8031893901995703,0.1968106098004297,0.8031314759382915,0.1968685240617085,80.31314759382916,19.68685240617085,73.1251805920001,2.5030706640002336,17372,13479,473,796,2624,0.92695141607184,0.86667475622351,0.847271553115919,0.767251461988304,0.9591456422018348,0.805278502378395,0.880160773136269,0.761874842658462,0.033901949541284,0.86667475622351
kamal_transformer_dnn,11,CIC-IDS2017,8140,65120,6978,6212,6212,0.561624649859944,0.438375350140056,0.5616548615582743,0.4383451384417257,56.16548615582743,43.83451384417257,157.296749653,8.399056740999868,6212,3452,37,207,2516,0.960721184803606,0.956688072802545,0.985507246376812,0.923980903415351,0.99140154772141,0.953752843062927,0.959808710283562,0.921122431058059,0.010604757810261,0.956688072802545
kamal_transformer_dnn,11,CSE-CIC-IDS2018,8140,65120,6978,6212,6212,0.561624649859944,0.438375350140056,0.5616548615582743,0.4383451384417257,56.16548615582743,43.83451384417257,157.296749653,0.2656452460000764,6212,3405,84,1992,731,0.665808113329041,0.622189122373691,0.896932515337423,0.268453911127433,0.879908283175695,0.413227812323347,0.589800941948304,0.359154930757446,0.024075666380052,0.622189122373691
kamal_transformer_dnn,11,DARPA,8140,65120,6978,6212,6212,0.561624649859944,0.438375350140056,0.5616548615582743,0.4383451384417257,56.16548615582743,43.83451384417257,157.296749653,0.253972431999955,6212,3484,5,310,2413,0.949291693496458,0.942360950374752,0.99793217535153,0.886154976129269,0.9934078532530812,0.938727873954484,0.947738233283709,0.900335287198327,0.001433075379765,0.942360950374752
kamal_transformer_dnn,11,UNSW-NB15,8140,65120,6978,6212,6212,0.561624649859944,0.438375350140056,0.5616548615582743,0.4383451384417257,56.16548615582743,43.83451384417257,157.296749653,0.2491484169997875,6212,3178,311,17,2706,0.947198969735995,0.952309798583176,0.896917467683129,0.993756885787734,0.9529951275437089,0.942857142857143,0.94689236556382,0.898084520463631,0.089137288621381,0.952309798583176
kamal_transformer_dnn,11,POOLED_ALL_ROWS,8140,65120,27912,24848,24848,0.561624649859944,0.438375350140056,0.5616548615582743,0.4383451384417257,56.16548615582743,43.83451384417257,157.296749653,9.167822835999688,24848,13519,437,2526,8366,0.880754990341275,0.868386986033541,0.950357832557083,0.768086669114947,0.9544282029234736,0.84955572480325,0.875396175124534,0.764334319349352,0.031312697047865,0.868386986033541
kamal_transformer_dnn,22,CIC-IDS2017,8140,65120,6978,6212,6212,0.561624649859944,0.438375350140056,0.5616548615582743,0.4383451384417257,56.16548615582743,43.83451384417257,153.41111129800015,3.845837697999968,6212,3482,7,176,2547,0.970540888602704,0.966679550135376,0.997259201252937,0.935365405802424,0.9905417024935512,0.965321205230244,0.969858028108336,0.941219193007233,0.002006305531671,0.966679550135376
kamal_transformer_dnn,22,CSE-CIC-IDS2018,8140,65120,6978,6212,6212,0.561624649859944,0.438375350140056,0.5616548615582743,0.4383451384417257,56.16548615582743,43.83451384417257,153.41111129800015,0.253754636000167,6212,3394,95,2256,467,0.621538956857695,0.572136793807767,0.830960854092527,0.171502019831069,0.8644310690742333,0.284322678843227,0.513536763428616,0.249556424751569,0.027228432215535,0.572136793807767
kamal_transformer_dnn,22,DARPA,8140,65120,6978,6212,6212,0.561624649859944,0.438375350140056,0.5616548615582743,0.4383451384417257,56.16548615582743,43.83451384417257,153.41111129800015,0.2510138930001631,6212,3484,5,404,2319,0.934159690920798,0.925100575787899,0.997848537005164,0.851634226955564,0.9934078532530812,0.918961759461066,0.931759583810782,0.871795863972695,0.001433075379765,0.925100575787899
kamal_transformer_dnn,22,UNSW-NB15,8140,65120,6978,6212,6212,0.561624649859944,0.438375350140056,0.5616548615582743,0.4383451384417257,56.16548615582743,43.83451384417257,153.41111129800015,0.2550739319999593,6212,2992,497,0,2723,0.919993560849968,0.928776153625681,0.845652173913043,1.0,0.9524218973918028,0.916372202591284,0.919843252969766,0.851581454043746,0.142447692748639,0.928776153625681
kamal_transformer_dnn,22,POOLED_ALL_ROWS,8140,65120,27912,24848,24848,0.561624649859944,0.438375350140056,0.5616548615582743,0.4383451384417257,56.16548615582743,43.83451384417257,153.41111129800015,4.605680159000258,24848,13352,604,2836,8056,0.861558274307791,0.848173268339181,0.930254041570439,0.739625413147264,0.9502006305531672,0.824058919803601,0.854970011918786,0.725110464608096,0.043278876468902,0.848173268339181
kamal_transformer_dnn,33,CIC-IDS2017,8140,65120,6978,6212,6212,0.561624649859944,0.438375350140056,0.5616548615582743,0.4383451384417257,56.16548615582743,43.83451384417257,116.7534892010001,3.844116695999901,6212,3483,6,134,2589,0.977462974887315,0.974534939935564,0.997687861271676,0.950789570326845,0.9922613929492692,0.973674313651749,0.976986326541608,0.954837705661315,0.001719690455718,0.974534939935564
kamal_transformer_dnn,33,CSE-CIC-IDS2018,8140,65120,6978,6212,6212,0.561624649859944,0.438375350140056,0.5616548615582743,0.4383451384417257,56.16548615582743,43.83451384417257,116.7534892010001,0.258314756000118,6212,3401,88,2290,433,0.617192530585963,0.566896832361337,0.831094049904031,0.159015791406537,0.8741759816566351,0.266954377311961,0.503956491488224,0.23949513762821,0.025222126683864,0.566896832361337
kamal_transformer_dnn,33,DARPA,8140,65120,6978,6212,6212,0.561624649859944,0.438375350140056,0.5616548615582743,0.4383451384417257,56.16548615582743,43.83451384417257,116.7534892010001,0.2483686069999748,6212,3483,6,451,2272,0.926432710882164,0.916327080956497,0.997366110623354,0.834373852368711,0.9916881627973632,0.908618276344731,0.923526435760942,0.857323888100188,0.001719690455718,0.916327080956497
kamal_transformer_dnn,33,UNSW-NB15,8140,65120,6978,6212,6212,0.561624649859944,0.438375350140056,0.5616548615582743,0.4383451384417257,56.16548615582743,43.83451384417257,116.7534892010001,0.2542027800000142,6212,2992,497,0,2723,0.919993560849968,0.928776153625681,0.845652173913043,1.0,0.9529951275437089,0.916372202591284,0.919843252969766,0.851581454043746,0.142447692748639,0.928776153625681
kamal_transformer_dnn,33,POOLED_ALL_ROWS,8140,65120,27912,24848,24848,0.561624649859944,0.438375350140056,0.5616548615582743,0.4383451384417257,56.16548615582743,43.83451384417257,116.7534892010001,4.605002839000008,24848,13359,597,2875,8017,0.860270444301352,0.846633751719769,0.930694218713722,0.736044803525523,0.952780166236744,0.822003486106839,0.853499258787106,0.722802981861026,0.042777300085985,0.846633751719769
kamal_transformer_dnn,44,CIC-IDS2017,8140,65120,6978,6212,6212,0.561624649859944,0.438375350140056,0.5616548615582743,0.4383451384417257,56.16548615582743,43.83451384417257,163.78462356699993,3.745283139000094,6212,3480,9,244,2479,0.959272376046362,0.953906706634892,0.996382636655949,0.91039294895336,0.9879621668099742,0.951448858184609,0.958186650082184,0.91926532045127,0.002579535683577,0.953906706634892
kamal_transformer_dnn,44,CSE-CIC-IDS2018,8140,65120,6978,6212,6212,0.561624649859944,0.438375350140056,0.5616548615582743,0.4383451384417257,56.16548615582743,43.83451384417257,163.78462356699993,0.2542100850000679,6212,3364,125,2098,625,0.642144236960721,0.596849686654884,0.833333333333333,0.229526257803893,0.820865577529378,0.359919378059315,0.555783619316776,0.294982356976153,0.035826884494124,0.596849686654884
kamal_transformer_dnn,44,DARPA,8140,65120,6978,6212,6212,0.561624649859944,0.438375350140056,0.5616548615582743,0.4383451384417257,56.16548615582743,43.83451384417257,163.78462356699993,0.2555315849999715,6212,3470,19,355,2368,0.93979394719897,0.932091699562141,0.99204021784667,0.869629085567389,0.9733447979363714,0.926810176125245,0.937837683085865,0.881532433252446,0.005445686443107,0.932091699562141
kamal_transformer_dnn,44,UNSW-NB15,8140,65120,6978,6212,6212,0.561624649859944,0.438375350140056,0.5616548615582743,0.4383451384417257,56.16548615582743,43.83451384417257,163.78462356699993,0.2562429479999082,6212,3009,480,0,2723,0.922730199613651,0.931212381771281,0.850140493287543,1.0,0.9507022069360848,0.919001012487344,0.922566064877098,0.856260599292918,0.137575236457438,0.931212381771281
kamal_transformer_dnn,44,POOLED_ALL_ROWS,8140,65120,27912,24848,24848,0.561624649859944,0.438375350140056,0.5616548615582743,0.4383451384417257,56.16548615582743,43.83451384417257,163.78462356699993,4.5112677570000415,24848,13323,633,2697,8195,0.865985189954926,0.853515118655799,0.928296329859538,0.75238707308116,0.933218687302952,0.831135902636917,0.86002351577002,0.733009943667438,0.045356835769562,0.853515118655799
kamal_transformer_dnn,55,CIC-IDS2017,8140,65120,6978,6212,6212,0.561624649859944,0.438375350140056,0.5616548615582743,0.4383451384417257,56.16548615582743,43.83451384417257,247.29956801399976,3.838079007000033,6212,3483,6,209,2514,0.965389568576948,0.96076336446733,0.997619047619048,0.923246419390378,0.9922613929492692,0.958992942971581,0.964526411605551,0.931217492268181,0.001719690455718,0.96076336446733
kamal_transformer_dnn,55,CSE-CIC-IDS2018,8140,65120,6978,6212,6212,0.561624649859944,0.438375350140056,0.5616548615582743,0.4383451384417257,56.16548615582743,43.83451384417257,247.29956801399976,0.2544973330000175,6212,3394,95,2263,460,0.620412105602061,0.570851446764065,0.828828828828829,0.168931325743665,0.8638578389223273,0.280658938377059,0.511420656592859,0.246498024431348,0.027228432215535,0.570851446764065
kamal_transformer_dnn,55,DARPA,8140,65120,6978,6212,6212,0.561624649859944,0.438375350140056,0.5616548615582743,0.4383451384417257,56.16548615582743,43.83451384417257,247.29956801399976,0.2439858870002353,6212,3483,6,367,2356,0.939954925949775,0.931751245480918,0.997459779847587,0.865222181417554,0.9916881627973632,0.926647000983284,0.937911318995525,0.882607449515157,0.001719690455718,0.931751245480918
kamal_transformer_dnn,55,UNSW-NB15,8140,65120,6978,6212,6212,0.561624649859944,0.438375350140056,0.5616548615582743,0.4383451384417257,56.16548615582743,43.83451384417257,247.29956801399976,0.2502157490002901,6212,3001,488,0,2723,0.921442369607212,0.930065921467469,0.848022422921208,1.0,0.9521352823158498,0.917762049207954,0.921284722600895,0.854055671181552,0.139868157065062,0.930065921467469
kamal_transformer_dnn,55,POOLED_ALL_ROWS,8140,65120,27912,24848,24848,0.561624649859944,0.438375350140056,0.5616548615582743,0.4383451384417257,56.16548615582743,43.83451384417257,247.29956801399976,4.586777976000576,24848,13361,595,2839,8053,0.861799742433999,0.848357994544946,0.931197964847364,0.739349981637899,0.9499856692462024,0.824257932446264,0.855191706639633,0.725729415407087,0.042633992548008,0.848357994544946
zkr_random_forest,11,CIC-IDS2017,8140,65120,6978,4343,4343,0.8031900222074487,0.1968099777925512,0.8031314759382915,0.1968685240617085,80.31314759382916,19.68685240617085,3.15731255000037,0.2105797710000843,4343,3482,6,276,579,0.935067925397191,0.837736399484951,0.98974358974359,0.67719298245614,0.9916857798165136,0.804166666666667,0.882624321464716,0.786724797678492,0.001720183486238,0.837736399484951
zkr_random_forest,11,CSE-CIC-IDS2018,8140,65120,6978,4343,4343,0.8031900222074487,0.1968099777925512,0.8031314759382915,0.1968685240617085,80.31314759382916,19.68685240617085,3.15731255000037,0.2242021600000043,4343,2251,1237,411,444,0.620538798065853,0.582326875100595,0.264128494943486,0.519298245614035,0.7511467889908257,0.350157728706625,0.541095124515914,0.134417260498399,0.354644495412844,0.582326875100595
zkr_random_forest,11,DARPA,8140,65120,6978,4343,4343,0.8031900222074487,0.1968099777925512,0.8031314759382915,0.1968685240617085,80.31314759382916,19.68685240617085,3.15731255000037,0.2203954050000902,4343,3484,4,268,587,0.93737048123417,0.842701459305757,0.993231810490694,0.686549707602339,0.9968463302752294,0.811894882434302,0.88716291083041,0.794862648788283,0.001146788990826,0.842701459305757
zkr_random_forest,11,UNSW-NB15,8140,65120,6978,4343,4343,0.8031900222074487,0.1968099777925512,0.8031314759382915,0.1968685240617085,80.31314759382916,19.68685240617085,3.15731255000037,0.2166057150002416,4343,3030,458,105,750,0.87036610637808,0.872942821503299,0.620860927152318,0.87719298245614,0.9053899082568808,0.727096461463888,0.821044833479943,0.661898357810473,0.131307339449541,0.872942821503299
zkr_random_forest,11,POOLED_ALL_ROWS,8140,65120,27912,17372,17372,0.8031900222074487,0.1968099777925512,0.8031314759382915,0.1968685240617085,80.31314759382916,19.68685240617085,3.15731255000037,0.8717830510004204,17372,12247,1705,1060,2360,0.840835827768823,0.783926888848651,0.580565805658057,0.690058479532164,0.9112672018348624,0.63059452237809,0.764580066867903,0.533331767323915,0.122204701834862,0.783926888848651
zkr_random_forest,22,CIC-IDS2017,8140,65120,6978,4343,4343,0.8031900222074487,0.1968099777925512,0.8031314759382915,0.1968685240617085,80.31314759382916,19.68685240617085,3.107528904999981,0.2068723080001291,4343,3482,6,205,650,0.951416071839742,0.879256867321208,0.990853658536585,0.760233918128655,0.9919724770642202,0.86035737921906,0.915474856856917,0.84226015537972,0.001720183486238,0.879256867321208
zkr_random_forest,22,CSE-CIC-IDS2018,8140,65120,6978,4343,4343,0.8031900222074487,0.1968099777925512,0.8031314759382915,0.1968685240617085,80.31314759382916,19.68685240617085,3.107528904999981,0.2227192390000709,4343,2380,1108,388,467,0.655537646787935,0.614269139975321,0.296507936507936,0.546198830409357,0.7623279816513762,0.384362139917695,0.572615852567543,0.189019638377999,0.317660550458716,0.614269139975321
zkr_random_forest,22,DARPA,8140,65120,6978,4343,4343,0.8031900222074487,0.1968099777925512,0.8031314759382915,0.1968685240617085,80.31314759382916,19.68685240617085,3.107528904999981,0.2074036469998645,4343,3484,4,204,651,0.952106838590836,0.880128359890552,0.993893129770992,0.76140350877193,0.9977064220183486,0.862251655629139,0.916633074191381,0.844725212577771,0.001146788990826,0.880128359890552
zkr_random_forest,22,UNSW-NB15,8140,65120,6978,4343,4343,0.8031900222074487,0.1968099777925512,0.8031314759382915,0.1968685240617085,80.31314759382916,19.68685240617085,3.107528904999981,0.2040303280000444,4343,3455,33,271,584,0.930002302555837,0.836789963249101,0.946515397082658,0.683040935672515,0.9526949541284404,0.793478260869565,0.875668989043044,0.767178501849612,0.009461009174312,0.836789963249101
zkr_random_forest,22,POOLED_ALL_ROWS,8140,65120,27912,17372,17372,0.8031900222074487,0.1968099777925512,0.8031314759382915,0.1968685240617085,80.31314759382916,19.68685240617085,3.107528904999981,0.8410255220001088,17372,12801,1151,1068,2352,0.872265714943587,0.802611082609046,0.671424493291464,0.687719298245614,0.9261754587155964,0.679474216380182,0.799857161387316,0.599795867225031,0.082497133027523,0.802611082609046
zkr_random_forest,33,CIC-IDS2017,8140,65120,6978,4343,4343,0.8031900222074487,0.1968099777925512,0.8031314759382915,0.1968685240617085,80.31314759382916,19.68685240617085,3.2918281160000333,0.2081786990002001,4343,3480,8,256,599,0.939212525903753,0.849145608669993,0.986820428336079,0.700584795321637,0.9893922018348624,0.819425444596443,0.891440297049052,0.80077424376232,0.002293577981651,0.849145608669993
zkr_random_forest,33,CSE-CIC-IDS2018,8140,65120,6978,4343,4343,0.8031900222074487,0.1968099777925512,0.8031314759382915,0.1968685240617085,80.31314759382916,19.68685240617085,3.2918281160000333,0.2204990370000814,4343,2143,1345,384,471,0.601888095786323,0.582634697408659,0.259361233480176,0.550877192982456,0.7279243119266054,0.352676900037439,0.532614426743574,0.133230356270844,0.385607798165138,0.582634697408659
zkr_random_forest,33,DARPA,8140,65120,6978,4343,4343,0.8031900222074487,0.1968099777925512,0.8031314759382915,0.1968685240617085,80.31314759382916,19.68685240617085,3.2918281160000333,0.2098801719998846,4343,3484,4,247,608,0.942205848491826,0.854982161060143,0.993464052287582,0.711111111111111,0.9962729357798163,0.828902522154056,0.897066581758563,0.811371006422396,0.001146788990826,0.854982161060143
zkr_random_forest,33,UNSW-NB15,8140,65120,6978,4343,4343,0.8031900222074487,0.1968099777925512,0.8031314759382915,0.1968685240617085,80.31314759382916,19.68685240617085,3.2918281160000333,0.2103848270003254,4343,3361,127,251,604,0.912963389362192,0.835011099039648,0.826265389876881,0.706432748538012,0.930045871559633,0.761664564943254,0.854212564161768,0.712078589005354,0.036410550458716,0.835011099039648
zkr_random_forest,33,POOLED_ALL_ROWS,8140,65120,27912,17372,17372,0.8031900222074487,0.1968099777925512,0.8031314759382915,0.1968685240617085,80.31314759382916,19.68685240617085,3.2918281160000333,0.8489427350004914,17372,12468,1484,1138,2282,0.849067464886023,0.780443391544611,0.605947955390335,0.667251461988304,0.9109088302752294,0.635123851934317,0.769989533195549,0.541253978854628,0.106364678899083,0.780443391544611
zkr_random_forest,44,CIC-IDS2017,8140,65120,6978,4343,4343,0.8031900222074487,0.1968099777925512,0.8031314759382915,0.1968685240617085,80.31314759382916,19.68685240617085,3.058227562999946,0.2170978999997714,4343,3481,7,276,579,0.934837669813493,0.837593050861098,0.988054607508532,0.67719298245614,0.9911123853211008,0.803608605135323,0.882273591732603,0.785824172688252,0.002006880733945,0.837593050861098
zkr_random_forest,44,CSE-CIC-IDS2018,8140,65120,6978,4343,4343,0.8031900222074487,0.1968099777925512,0.8031314759382915,0.1968685240617085,80.31314759382916,19.68685240617085,3.058227562999946,0.2141291550001369,4343,2349,1139,420,435,0.641031545014967,0.591111882343473,0.276365946632783,0.508771929824561,0.7657683486238532,0.358172087278716,0.554505573765616,0.150734431870495,0.326548165137615,0.591111882343473
zkr_random_forest,44,DARPA,8140,65120,6978,4343,4343,0.8031900222074487,0.1968099777925512,0.8031314759382915,0.1968685240617085,80.31314759382916,19.68685240617085,3.058227562999946,0.2054016719998799,4343,3484,4,253,602,0.940824314989638,0.851473389130318,0.993399339933993,0.704093567251462,0.9971330275229358,0.824093086926763,0.894261076335354,0.806669950668358,0.001146788990826,0.851473389130318
zkr_random_forest,44,UNSW-NB15,8140,65120,6978,4343,4343,0.8031900222074487,0.1968099777925512,0.8031314759382915,0.1968685240617085,80.31314759382916,19.68685240617085,3.058227562999946,0.2055241540001589,4343,3455,33,317,538,0.919410545705733,0.80988937845378,0.942206654991243,0.629239766081871,0.9526949541284404,0.754558204768583,0.853174419188699,0.729296427128479,0.009461009174312,0.80988937845378
zkr_random_forest,44,POOLED_ALL_ROWS,8140,65120,27912,17372,17372,0.8031900222074487,0.1968099777925512,0.8031314759382915,0.1968685240617085,80.31314759382916,19.68685240617085,3.058227562999946,0.8421528809999471,17372,12769,1183,1266,2154,0.859026018880958,0.772516925197167,0.645489961042853,0.629824561403509,0.9266771788990824,0.637561047802279,0.77502806740348,0.550136488241427,0.084790711009174,0.772516925197167
zkr_random_forest,55,CIC-IDS2017,8140,65120,6978,4343,4343,0.8031900222074487,0.1968099777925512,0.8031314759382915,0.1968685240617085,80.31314759382916,19.68685240617085,3.1144859089999954,0.2421947110001383,4343,3482,6,214,641,0.949343771586461,0.873993709426471,0.990726429675425,0.749707602339181,0.9913990825688074,0.85352862849534,0.911452510238761,0.835309589054651,0.001720183486238,0.873993709426471
zkr_random_forest,55,CSE-CIC-IDS2018,8140,65120,6978,4343,4343,0.8031900222074487,0.1968099777925512,0.8031314759382915,0.1968685240617085,80.31314759382916,19.68685240617085,3.1144859089999954,0.2277422669999396,4343,2282,1206,384,471,0.633893621920332,0.602560156124256,0.280858676207513,0.550877192982456,0.7482798165137615,0.372037914691943,0.556834686952731,0.167526440360373,0.345756880733945,0.602560156124256
zkr_random_forest,55,DARPA,8140,65120,6978,4343,4343,0.8031900222074487,0.1968099777925512,0.8031314759382915,0.1968685240617085,80.31314759382916,19.68685240617085,3.1144859089999954,0.2241007299999182,4343,3484,4,209,646,0.950955560672346,0.877204383282365,0.993846153846154,0.755555555555556,0.9965596330275228,0.858471760797342,0.914405076889411,0.840875482323147,0.001146788990826,0.877204383282365
zkr_random_forest,55,UNSW-NB15,8140,65120,6978,4343,4343,0.8031900222074487,0.1968099777925512,0.8031314759382915,0.1968685240617085,80.31314759382916,19.68685240617085,3.1144859089999954,0.2212088219998804,4343,3446,42,251,604,0.932535113976514,0.847195732067171,0.934984520123839,0.706432748538012,0.9535550458715596,0.804796802131912,0.882008700300472,0.775951692614861,0.01204128440367,0.847195732067171
zkr_random_forest,55,POOLED_ALL_ROWS,8140,65120,27912,17372,17372,0.8031900222074487,0.1968099777925512,0.8031314759382915,0.1968685240617085,80.31314759382916,19.68685240617085,3.1144859089999954,0.9152465299998764,17372,12694,1258,1058,2362,0.866682017038913,0.800238495225066,0.652486187845304,0.690643274853801,0.9224483944954128,0.671022727272727,0.793712345444045,0.587882375151813,0.09016628440367,0.800238495225066
elmasry_dpso_dnn,11,CIC-IDS2017,8140,65120,6978,3987,3987,0.125,0.875,0.1249059443190368,0.8750940556809631,12.490594431903688,87.50940556809631,27.84469564199981,1.7198991929999463,3987,461,37,0,3489,0.990719839478304,0.96285140562249,0.989506522972206,1.0,0.9397590361445785,0.994725588025659,0.978071865962778,0.957073126809345,0.07429718875502,0.96285140562249
elmasry_dpso_dnn,11,CSE-CIC-IDS2018,8140,65120,6978,3987,3987,0.125,0.875,0.1249059443190368,0.8750940556809631,12.490594431903688,87.50940556809631,27.84469564199981,0.1221141650003119,3987,314,184,1171,2318,0.660145472786556,0.647447917206228,0.926458832933653,0.664373746059043,0.6204819277108434,0.773827407778334,0.545259644383368,0.201663320824323,0.369477911646586,0.647447917206228
elmasry_dpso_dnn,11,DARPA,8140,65120,6978,3987,3987,0.125,0.875,0.1249059443190368,0.8750940556809631,12.490594431903688,87.50940556809631,27.84469564199981,0.119030739000209,3987,469,29,0,3489,0.992726360672185,0.970883534136546,0.991756679931779,1.0,0.9558232931726908,0.995861281575567,0.982935811418601,0.966438710368954,0.058232931726908,0.970883534136546
elmasry_dpso_dnn,11,UNSW-NB15,8140,65120,6978,3987,3987,0.125,0.875,0.1249059443190368,0.8750940556809631,12.490594431903688,87.50940556809631,27.84469564199981,0.1273479960000259,3987,366,132,383,3106,0.870830198143968,0.812583092473074,0.959234095120445,0.890226425910003,0.7449799196787149,0.92344284227739,0.7552258317241,0.529153050555773,0.265060240963855,0.812583092473074
elmasry_dpso_dnn,11,POOLED_ALL_ROWS,8140,65120,27912,15948,15948,0.125,0.875,0.1249059443190368,0.8750940556809631,12.490594431903688,87.50940556809631,27.84469564199981,2.088392093000493,15948,1610,382,1554,12402,0.878605467770253,0.848441487359584,0.970118898623279,0.888650042992261,0.8152610441767069,0.927599102468212,0.776057115237209,0.577741259142236,0.191767068273092,0.848441487359584
elmasry_dpso_dnn,22,CIC-IDS2017,8140,65120,6978,3987,3987,0.125,0.875,0.1249059443190368,0.8750940556809631,12.490594431903688,87.50940556809631,16.254504359999828,1.1170800530003362,3987,435,63,0,3489,0.984198645598194,0.936746987951807,0.982263513513513,1.0,0.8875502008032129,0.991052407328505,0.961764145786439,0.926283575264062,0.126506024096386,0.936746987951807
elmasry_dpso_dnn,22,CSE-CIC-IDS2018,8140,65120,6978,3987,3987,0.125,0.875,0.1249059443190368,0.8750940556809631,12.490594431903688,87.50940556809631,16.254504359999828,0.1212476850000712,3987,333,165,1232,2257,0.649611236518686,0.657782462610545,0.931874483897605,0.64689022642591,0.6546184738955824,0.763660971070885,0.543245899980425,0.213653317893246,0.331325301204819,0.657782462610545
elmasry_dpso_dnn,22,DARPA,8140,65120,6978,3987,3987,0.125,0.875,0.1249059443190368,0.8750940556809631,12.490594431903688,87.50940556809631,16.254504359999828,0.1240161149999039,3987,449,49,4,3485,0.986706797090544,0.9502299826995,0.986134691567629,0.998853539696188,0.9156626506024096,0.992453367506763,0.968361278916368,0.938095799412599,0.098393574297189,0.9502299826995
elmasry_dpso_dnn,22,UNSW-NB15,8140,65120,6978,3987,3987,0.125,0.875,0.1249059443190368,0.8750940556809631,12.490594431903688,87.50940556809631,16.254504359999828,0.1373652719998972,3987,372,126,529,2960,0.835716077251066,0.797684288314047,0.959170447180817,0.848380624820866,0.7530120481927711,0.900380228136882,0.716094331366511,0.47064203013978,0.253012048192771,0.797684288314047
elmasry_dpso_dnn,22,POOLED_ALL_ROWS,8140,65120,27912,15948,15948,0.125,0.875,0.1249059443190368,0.8750940556809631,12.490594431903688,87.50940556809631,16.254504359999828,1.4997091250002086,15948,1589,403,1765,12191,0.864058189114623,0.835610930393975,0.968000635223122,0.873531097735741,0.802710843373494,0.91834274952919,0.756402949773948,0.54453759165397,0.202309236947791,0.835610930393975
elmasry_dpso_dnn,33,CIC-IDS2017,8140,65120,6978,3987,3987,0.125,0.875,0.1249059443190368,0.8750940556809631,12.490594431903688,87.50940556809631,16.164977031000035,1.1153993070001889,3987,469,29,0,3489,0.992726360672185,0.970883534136546,0.991756679931779,1.0,0.9538152610441768,0.995861281575567,0.982935811418601,0.966438710368954,0.058232931726908,0.970883534136546
elmasry_dpso_dnn,33,CSE-CIC-IDS2018,8140,65120,6978,3987,3987,0.125,0.875,0.1249059443190368,0.8750940556809631,12.490594431903688,87.50940556809631,16.164977031000035,0.1208082399998602,3987,333,165,1269,2220,0.64033107599699,0.652480083705415,0.930817610062893,0.636285468615649,0.6526104417670683,0.755873340143003,0.53650809864293,0.205651947181474,0.331325301204819,0.652480083705415
elmasry_dpso_dnn,33,DARPA,8140,65120,6978,3987,3987,0.125,0.875,0.1249059443190368,0.8750940556809631,12.490594431903688,87.50940556809631,16.164977031000035,0.1183670989998972,3987,475,23,99,3390,0.969400551793328,0.962720184262415,0.993261060650454,0.971625107480653,0.9658634538152612,0.982323964068386,0.934258996959566,0.871544377769109,0.046184738955823,0.962720184262415
elmasry_dpso_dnn,33,UNSW-NB15,8140,65120,6978,3987,3987,0.125,0.875,0.1249059443190368,0.8750940556809631,12.490594431903688,87.50940556809631,16.164977031000035,0.1170201820000329,3987,348,150,394,3095,0.863556558816152,0.792934420398706,0.953775038520801,0.88707366007452,0.7068273092369478,0.919215919215919,0.740253120898282,0.497686950700497,0.301204819277108,0.792934420398706
elmasry_dpso_dnn,33,POOLED_ALL_ROWS,8140,65120,27912,15948,15948,0.125,0.875,0.1249059443190368,0.8750940556809631,12.490594431903688,87.50940556809631,16.164977031000035,1.471594827999979,15948,1625,367,1762,12194,0.866503636819664,0.844754555625771,0.970782581004697,0.873746059042706,0.8197791164658634,0.919711882943018,0.76195670369497,0.55737238868164,0.184236947791165,0.844754555625771
elmasry_dpso_dnn,44,CIC-IDS2017,8140,65120,6978,3987,3987,0.125,0.875,0.1249059443190368,0.8750940556809631,12.490594431903688,87.50940556809631,16.27511595499982,1.1284823370001504,3987,490,8,403,3086,0.896914973664409,0.934214933681415,0.997414350355527,0.884494124390943,0.9799196787148594,0.937566459061218,0.821047787402644,0.688674533390043,0.016064257028112,0.934214933681415
elmasry_dpso_dnn,44,CSE-CIC-IDS2018,8140,65120,6978,3987,3987,0.125,0.875,0.1249059443190368,0.8750940556809631,12.490594431903688,87.50940556809631,16.27511595499982,0.1274494719996255,3987,439,59,2129,1360,0.45121645347379,0.635661303856872,0.958421423537703,0.389796503296073,0.8132530120481928,0.554197229013855,0.420281915224475,0.187353767669554,0.118473895582329,0.635661303856872
elmasry_dpso_dnn,44,DARPA,8140,65120,6978,3987,3987,0.125,0.875,0.1249059443190368,0.8750940556809631,12.490594431903688,87.50940556809631,16.27511595499982,0.119630928999868,3987,486,12,590,2899,0.849009280160522,0.903400359822782,0.995877705255926,0.830897105187733,0.9678714859437751,0.9059375,0.761736221410419,0.600902754283729,0.024096385542169,0.903400359822782
elmasry_dpso_dnn,44,UNSW-NB15,8140,65120,6978,3987,3987,0.125,0.875,0.1249059443190368,0.8750940556809631,12.490594431903688,87.50940556809631,16.27511595499982,0.1264269150001382,3987,391,107,1048,2441,0.710308502633559,0.742383981325129,0.958006279434851,0.699627400401261,0.7570281124497992,0.808679807851582,0.606198448066214,0.333709797738661,0.214859437751004,0.742383981325129
elmasry_dpso_dnn,44,POOLED_ALL_ROWS,8140,65120,27912,15948,15948,0.125,0.875,0.1249059443190368,0.8750940556809631,12.490594431903688,87.50940556809631,16.27511595499982,1.501989652999782,15948,1806,186,4170,9786,0.72686230248307,0.803915144671549,0.981347773766546,0.701203783319003,0.8795180722891566,0.817953861584754,0.635633557298401,0.415155748797015,0.093373493975904,0.803915144671549
elmasry_dpso_dnn,55,CIC-IDS2017,8140,65120,6978,3987,3987,0.125,0.875,0.1249059443190368,0.8750940556809631,12.490594431903688,87.50940556809631,16.19406595800001,1.102704421999988,3987,463,35,44,3445,0.980185603210434,0.958553906080038,0.989942528735632,0.987388936658068,0.9417670682730924,0.988664083799684,0.955028559312777,0.910105936784384,0.070281124497992,0.958553906080038
elmasry_dpso_dnn,55,CSE-CIC-IDS2018,8140,65120,6978,3987,3987,0.125,0.875,0.1249059443190368,0.8750940556809631,12.490594431903688,87.50940556809631,16.19406595800001,0.1209083530002317,3987,346,152,1420,2069,0.605718585402558,0.643892854306305,0.931562359297614,0.593006592146747,0.6706827309236948,0.724693520140105,0.515173615193728,0.191542323077522,0.305220883534137,0.643892854306305
elmasry_dpso_dnn,55,DARPA,8140,65120,6978,3987,3987,0.125,0.875,0.1249059443190368,0.8750940556809631,12.490594431903688,87.50940556809631,16.19406595800001,0.1207209129997863,3987,478,20,220,3269,0.939804364183597,0.94839202036003,0.993919124353907,0.936944683290341,0.9678714859437751,0.964591324874594,0.881961214276762,0.780177423952151,0.040160642570281,0.94839202036003
elmasry_dpso_dnn,55,UNSW-NB15,8140,65120,6978,3987,3987,0.125,0.875,0.1249059443190368,0.8750940556809631,12.490594431903688,87.50940556809631,16.19406595800001,0.1234275570000136,3987,376,122,636,2853,0.80988211687986,0.78636644600759,0.958991596638655,0.817712811693895,0.7550200803212851,0.882735148514851,0.690374196773982,0.435094446616448,0.244979919678715,0.78636644600759
elmasry_dpso_dnn,55,POOLED_ALL_ROWS,8140,65120,27912,15948,15948,0.125,0.875,0.1249059443190368,0.8750940556809631,12.490594431903688,87.50940556809631,16.19406595800001,1.4677612450000197,15948,1663,329,2320,11636,0.833897667419112,0.834301306688491,0.972503134141245,0.833763255947263,0.8338353413654619,0.897804868639327,0.7272287941523,0.510659849077081,0.165160642570281,0.834301306688491
