,model,seed,test_source,n_train_raw,fit_seconds,prediction_seconds,test_attack_pct,test_normal_pct,n_test,accuracy,balanced_accuracy,precision,recall,f1,macro_f1,mcc,false_positive_rate,tn,fp,fn,tp,roc_auc
1,xiao_ae_cnn,11,cic2017,559141,638.981704983,3.248797319999994,80.49965992601317,19.50034007398684,60281,0.9874255569748344,0.9836806810411072,0.9945337087957596,0.98981989036805,0.992171200760158,0.9801209836993712,0.960312761205164,0.0224585282858358,11491,264,494,48032,0.9993717426921308
2,xiao_ae_cnn,11,cic2018,559141,638.981704983,3.150303298999916,80.4983996342021,19.5016003657979,13122,0.9971803078798964,0.9930667210936358,0.9966968667421668,0.9998106598504212,0.9982513351292596,0.9954875161388675,0.9910072277457592,0.0136772176631496,2524,35,2,10561,0.9999954866162076
3,xiao_ae_cnn,11,darpa,559141,638.981704983,3.17805161900003,80.50533652798954,19.49466347201045,9182,0.9717926377695492,0.970414792377083,0.992134676417828,0.9726731601731602,0.9823075346676684,0.9563886666626932,0.9139003523480086,0.0318435754189944,1733,57,202,7190,0.9948182694865656
4,xiao_ae_cnn,11,unsw-nb15,559141,638.981704983,2.5789143950000835,80.50299953853253,19.49700046146746,4334,0.892708814028611,0.9042154463478626,0.9793912492073558,0.885353969618802,0.9300015053439712,0.8501859378571708,0.7195316334184018,0.0769230769230769,780,65,400,3089,0.9611278727225552
5,xiao_ae_cnn,11,POOLED_ALL_ROWS,559141,638.981704983,18.45688757000005,80.50003520666311,19.499964793336886,397652,0.942190659169324,0.9603361393526676,0.9974251657403068,0.9305894848645778,0.9628488776120367,0.916315168070636,0.8435961848117569,0.0099172061592427,76773,769,22219,297891,0.975882618073239
7,xiao_ae_cnn,22,cic2017,559141,616.5812592350001,1.3448825039999974,80.49965992601317,19.50034007398684,60281,0.9881554718733928,0.9825224794092764,0.9935177539223782,0.9917569962494333,0.9926365942701566,0.9811886141379602,0.9623872313561797,0.0267120374308804,11441,314,400,48126,0.9993861863560828
8,xiao_ae_cnn,22,cic2018,559141,616.5812592350001,1.1572893320001183,80.4983996342021,19.5016003657979,13122,0.9958847736625516,0.989745111089728,0.9951003486290398,0.9998106598504212,0.997449943332074,0.993397426283243,0.9868689275707704,0.0203204376709652,2507,52,2,10561,0.9999945617424798
9,xiao_ae_cnn,22,darpa,559141,616.5812592350001,1.3473787769999035,80.50533652798954,19.49466347201045,9182,0.9710302766281856,0.9684594851145132,0.9911772814998622,0.9726731601731602,0.9818380445172744,0.9551471018713322,0.9113123096420958,0.035754189944134,1726,64,202,7190,0.99485715343781
10,xiao_ae_cnn,22,unsw-nb15,559141,616.5812592350001,0.8607947360001162,80.50299953853253,19.49700046146746,4334,0.8975542224273189,0.906776496207014,0.9792256846081208,0.8916595012897678,0.9333933393339334,0.8558075587778557,0.7286003896278432,0.0781065088757396,779,66,378,3111,0.9619841564613046
11,xiao_ae_cnn,22,POOLED_ALL_ROWS,559141,616.5812592350001,8.92234059600014,80.50003520666311,19.499964793336886,397652,0.9407823926448252,0.9581275196162294,0.996510919282361,0.9296929180594172,0.9619429953002476,0.914281419031278,0.8395090603345092,0.0134378788269582,76500,1042,22506,297604,0.9645949768711384
13,xiao_ae_cnn,33,cic2017,559141,621.060120781,1.3305971909999244,80.49965992601317,19.50034007398684,60281,0.9866624641263416,0.9807248953947572,0.9929551276753988,0.9904587231587192,0.9917053543794492,0.978841844420598,0.9577037072548064,0.0290089323692045,11414,341,463,48063,0.9993561463750604
14,xiao_ae_cnn,33,cic2018,559141,621.060120781,1.1877020269998866,80.4983996342021,19.5016003657979,13122,0.9964944368236548,0.9911601678934376,0.9957575186197792,0.9999053299252106,0.99782711384034,0.9943806440309308,0.9888186261526084,0.0175849941383352,2514,45,1,10562,0.9999964484848848
15,xiao_ae_cnn,33,darpa,559141,621.060120781,1.327620289999686,80.50533652798954,19.49466347201045,9182,0.9723371814419516,0.9703296180076906,0.9918687982359428,0.97362012987013,0.9826597487711632,0.9571533404781544,0.9152991103092007,0.0329608938547486,1731,59,195,7197,0.9946130045466636
16,xiao_ae_cnn,33,unsw-nb15,559141,621.060120781,0.8664208039999721,80.50299953853253,19.49700046146746,4334,0.9037840332256576,0.9106457997323796,0.9794007490636704,0.8993981083404987,0.9376961004034066,0.8632784299485388,0.7411237731808208,0.0781065088757396,779,66,351,3138,0.96014829362273
17,xiao_ae_cnn,33,POOLED_ALL_ROWS,559141,621.060120781,8.933051146999787,80.50003520666311,19.499964793336886,397652,0.9397639141762144,0.955115366908583,0.9948899620674098,0.9299490800037488,0.9613240221208574,0.9126055952380864,0.8356006126069212,0.0197183461865827,76013,1529,22424,297686,0.9781990970787434
19,xiao_ae_cnn,44,cic2017,559141,625.718593216,1.3580295229999138,80.49965992601317,19.50034007398684,60281,0.9868615318259484,0.9791725109393794,0.9919002473206924,0.9917776037588096,0.9918389217484492,0.979079862303039,0.9581597733997846,0.033432581880051,11362,393,399,48127,0.9994077782224574
20,xiao_ae_cnn,44,cic2018,559141,625.718593216,1.1802579840000362,80.4983996342021,19.5016003657979,13122,0.995275110501448,0.9878858929269244,0.994164705882353,1.0,0.997073815367189,0.9924055785696704,0.9849253121387886,0.0242282141461508,2497,62,0,10563,0.9999969294192234
21,xiao_ae_cnn,44,darpa,559141,625.718593216,1.340468781999789,80.50533652798954,19.49466347201045,9182,0.9730995425833152,0.9659342577813248,0.9887809549870024,0.9776785714285714,0.9831984218760628,0.9578836772224976,0.9161451012678448,0.0458100558659217,1708,82,165,7227,0.994755276729788
22,xiao_ae_cnn,44,unsw-nb15,559141,625.718593216,0.8710526659997413,80.50299953853253,19.49700046146746,4334,0.9210890632210428,0.913770921628584,0.9749471777844854,0.9257666953281742,0.9497206703910616,0.8832204638128941,0.7725831155136978,0.0982248520710059,762,83,259,3230,0.9640983242345766
23,xiao_ae_cnn,44,POOLED_ALL_ROWS,559141,625.718593216,9.020052992999808,80.50003520666311,19.499964793336886,397652,0.9400128755796524,0.9550061488633794,0.9947131473305236,0.9304270407047578,0.961496742702556,0.9128934228953238,0.8359907184235659,0.020414742977999,75959,1583,22271,297839,0.9598052613964968
25,xiao_ae_cnn,55,cic2017,559141,627.5253577809999,1.340005900000051,80.49965992601317,19.50034007398684,60281,0.9854017020288316,0.9780079298327192,0.9917230845442536,0.9901290030086964,0.990925402685256,0.976809148688736,0.9536264794428696,0.0341131433432581,11354,401,479,48047,0.9992398160642608
26,xiao_ae_cnn,55,cic2018,559141,627.5253577809999,1.172213691000252,80.4983996342021,19.5016003657979,13122,0.9954275262917238,0.9885727781471724,0.9945380920990676,0.9998106598504212,0.997167406288358,0.9926571918838076,0.9854073765455766,0.0226651035560765,2501,58,2,10561,0.9999943397727852
27,xiao_ae_cnn,55,darpa,559141,627.5253577809999,1.331472950999796,80.50533652798954,19.49466347201045,9182,0.9725549989109128,0.9655960543181212,0.9887732749178532,0.9770021645021644,0.9828524768644528,0.9570750933940584,0.9145734828116115,0.0458100558659217,1708,82,170,7222,0.994932087233065
28,xiao_ae_cnn,55,unsw-nb15,559141,627.5253577809999,0.8797306199999184,80.50299953853253,19.49700046146746,4334,0.9095523765574528,0.9101928122365982,0.9769017554665844,0.9091430209229006,0.9418052256532068,0.8694533374642845,0.7497922799641227,0.0887573964497041,770,75,317,3172,0.9624062777181368
29,xiao_ae_cnn,55,POOLED_ALL_ROWS,559141,627.5253577809999,8.956482295000114,80.50003520666311,19.499964793336886,397652,0.939472201824711,0.9545774898503,0.9946465270931844,0.929814751179282,0.9611386038701552,0.9121716412493108,0.8346984254196572,0.0206597714786825,75940,1602,22467,297643,0.969203451994234
31,jia_dnn,11,cic2017,559141,185.65952093499985,3.423442504999912,80.49965992601317,19.50034007398684,60281,0.987243078250195,0.9800863553692152,0.9923300550504114,0.9918188187775624,0.9920743710513568,0.9796998156510236,0.9594004781273652,0.0316461080391322,11383,372,397,48129,0.9984110137679724
32,jia_dnn,11,cic2018,559141,185.65952093499985,3.248395533999883,80.4983996342021,19.5016003657979,13122,0.9971803078798964,0.9933628286663648,0.9968844410876132,0.9996213197008426,0.9982510044906642,0.9954902104394764,0.9910052547045316,0.0128956623681125,2526,33,4,10559,0.9998516872489916
33,jia_dnn,11,darpa,559141,185.65952093499985,2.726093664000018,80.50533652798954,19.49466347201045,9182,0.977129165759094,0.9764811422283488,0.9939477303988996,0.97754329004329,0.9856772609466647,0.9644755834717116,0.929762568890121,0.0245810055865921,1746,44,166,7226,0.9952653026675372
34,jia_dnn,11,unsw-nb15,559141,185.65952093499985,2.7169556939998074,80.50299953853253,19.49700046146746,4334,0.8677895708352561,0.8681114440820771,0.9646271510516252,0.8675838349097162,0.9135355364418288,0.8163954017338982,0.6525234064012034,0.1313609467455621,734,111,462,3027,0.9380575638396924
35,jia_dnn,11,POOLED_ALL_ROWS,559141,185.65952093499985,19.002762961999903,80.50003520666311,19.499964793336886,397652,0.9387756128474144,0.9577898979799008,0.9971224569377024,0.9266189747274376,0.960578769596461,0.9117932279654954,0.8356155451109876,0.0110391787676356,76686,856,23490,296620,0.9760087912193648
37,jia_dnn,22,cic2017,559141,174.81940313999985,1.051344441999845,80.49965992601317,19.50034007398684,60281,0.9885701962475738,0.9812974317854186,0.992586032909776,0.9932201294151588,0.9929029799243946,0.981778803731949,0.9635589180580574,0.0306252658443215,11395,360,329,48197,0.999487734657604
38,jia_dnn,22,cic2018,559141,174.81940313999985,0.8986298790000546,80.4983996342021,19.5016003657979,13122,0.9959609815576894,0.9908288226316748,0.995754716981132,0.9992426394016852,0.9974956291641072,0.9935323058239351,0.9871050241010016,0.0175849941383352,2514,45,8,10555,0.99996189520241
39,jia_dnn,22,darpa,559141,174.81940313999985,0.5027686690000337,80.50533652798954,19.49466347201045,9182,0.9756044434763668,0.9770159949454642,0.9948909141121236,0.9747023809523808,0.984693180265136,0.9623197804810936,0.925849309010046,0.0206703910614525,1753,37,187,7205,0.9952206749256328
40,jia_dnn,22,unsw-nb15,559141,174.81940313999985,0.4822550050002974,80.50299953853253,19.49700046146746,4334,0.89386248269497,0.901793124969261,0.9773085408131106,0.8887933505302379,0.9309516661663164,0.850819801178871,0.7188862719136986,0.0852071005917159,773,72,388,3101,0.9562818732075958
41,jia_dnn,22,POOLED_ALL_ROWS,559141,174.81940313999985,5.421019413000522,80.50003520666311,19.499964793336886,397652,0.9378803576996972,0.957527008446963,0.9973198653198652,0.9253194214488768,0.9599714799630537,0.9106736419310874,0.8338259799993379,0.0102654045549508,76746,796,23906,296204,0.9643497857725604
43,jia_dnn,33,cic2017,559141,175.1478936210001,1.069776674999957,80.49965992601317,19.50034007398684,60281,0.9870605995255554,0.9806176408028896,0.992734778121775,0.9911799859868936,0.9919567728097674,0.979443153639684,0.958894105084236,0.0299447043811144,11403,352,428,48098,0.999333352769198
44,jia_dnn,33,cic2018,559141,175.1478936210001,0.902461867999591,80.4983996342021,19.5016003657979,13122,0.9967992684042066,0.9931261534793916,0.996882969679796,0.9991479693268958,0.9980141843971632,0.9948845951432224,0.989786159296186,0.0128956623681125,2526,33,9,10554,0.999949871843947
45,jia_dnn,33,darpa,559141,175.1478936210001,0.5030576029994336,80.50533652798954,19.49466347201045,9182,0.9734262687867566,0.9718527805992888,0.9924221548635987,0.9744318181818182,0.9833447098976108,0.958823674281062,0.9186138587196144,0.0307262569832402,1735,55,189,7203,0.9956265190814771
46,jia_dnn,33,unsw-nb15,559141,175.1478936210001,0.4832022840000718,80.50299953853253,19.49700046146746,4334,0.8957083525611444,0.8971102755744598,0.973495478640474,0.8948122671252507,0.9324970131421744,0.8516440440964422,0.7173127029048186,0.1005917159763313,760,85,367,3122,0.9527387003278266
47,jia_dnn,33,POOLED_ALL_ROWS,559141,175.1478936210001,5.481591920998653,80.50003520666311,19.499964793336886,397652,0.938644845241568,0.9580751375522794,0.997372794122594,0.9262222361063384,0.9604816451349564,0.9116762991861832,0.8355782054374828,0.0100719610017796,76761,781,23617,296493,0.957276159578186
49,jia_dnn,44,cic2017,559141,173.97329441700003,1.0625158000002557,80.49965992601317,19.50034007398684,60281,0.9881057049484911,0.9791717404587011,0.9914273379520178,0.9938177471870748,0.9926211034383394,0.9809854544678552,0.9619896606703944,0.0354742662696724,11338,417,300,48226,0.9993676729062512
50,jia_dnn,44,cic2018,559141,173.97329441700003,0.899507853000614,80.4983996342021,19.5016003657979,13122,0.9943606157597928,0.9858373346145424,0.9932286278566728,0.9998106598504212,0.9965087752406114,0.990924752121098,0.9819950729486704,0.0281359906213364,2487,72,2,10561,0.9999810030936284
51,jia_dnn,44,darpa,559141,173.97329441700003,0.5114983729999949,80.50533652798954,19.49466347201045,9182,0.9722282727074713,0.9573489534208808,0.983733224888166,0.981737012987013,0.982734105220394,0.9559011277145086,0.9118149005548996,0.0670391061452514,1670,120,135,7257,0.9956885671358436
52,jia_dnn,44,unsw-nb15,559141,173.97329441700003,0.5005251129996395,80.50299953853253,19.49700046146746,4334,0.8984771573604061,0.9024172335370166,0.9759600374648768,0.8959587274290628,0.9342498505678422,0.8557888928952571,0.7260652208846196,0.0911242603550295,768,77,363,3126,0.959974967819402
53,jia_dnn,44,POOLED_ALL_ROWS,559141,173.97329441700003,5.517911717000061,80.50003520666311,19.499964793336886,397652,0.9402945288845524,0.957599735632905,0.9963556460689212,0.92923057698916,0.9616231366806002,0.9136108890309314,0.83825345217646,0.0140311057233499,76454,1088,22654,297456,0.9747439171388368
55,jia_dnn,55,cic2017,559141,174.27326667700072,1.0514102170000117,80.49965992601317,19.50034007398684,60281,0.9875416797996052,0.9798528155756938,0.9920692141312184,0.9924576515682316,0.9922633948347086,0.9801468521574676,0.9602941951305952,0.0327520204168439,11370,385,366,48160,0.9994043667198418
56,jia_dnn,55,cic2018,559141,174.27326667700072,0.9002360720005527,80.4983996342021,19.5016003657979,13122,0.9946654473403445,0.9869149974823088,0.9937882352941176,0.9996213197008426,0.9966962431565036,0.9914256532238216,0.982965305685014,0.025791324736225,2493,66,4,10559,0.9999636339650184
57,jia_dnn,55,darpa,559141,174.27326667700072,0.4989145609997649,80.50533652798954,19.49466347201045,9182,0.970267915486822,0.9629054662748796,0.9879369431117204,0.9749729437229436,0.981412133179002,0.9535834122517256,0.9076767292938954,0.0491620111731843,1702,88,185,7207,0.994929631006796
58,jia_dnn,55,unsw-nb15,559141,174.27326667700072,0.4789619659995878,80.50299953853253,19.49700046146746,4334,0.9132441162898016,0.906208014707254,0.972956548161653,0.9177414732014904,0.9445427728613568,0.8726951152442377,0.7529241503279164,0.1053254437869822,756,89,287,3202,0.958462352516192
59,jia_dnn,55,POOLED_ALL_ROWS,559141,174.27326667700072,5.458287861999452,80.50003520666311,19.499964793336886,397652,0.937148562059288,0.956530113946695,0.996945418295833,0.9247571147418076,0.9594953981988232,0.9096462198244076,0.8318207708309021,0.0116968868484176,76635,907,24086,296024,0.9811019492537756
61,anuja_ae_cnn_lstm,11,cic2017,559141,271.76606689600067,3.362267849999625,80.49965992601317,19.50034007398684,60281,0.9712015394568768,0.96828543839027,0.9909964741437206,0.9730659852450232,0.9819493834092374,0.9553834173073742,0.911724502509759,0.0364951084644832,11326,429,1307,47219,0.9962418292890752
62,anuja_ae_cnn_lstm,11,cic2018,559141,271.76606689600067,2.8521325249994334,80.4983996342021,19.5016003657979,13122,0.9908550525834476,0.979662470662543,0.9906963631237664,0.9980119284294234,0.9943406904357668,0.9852655833131214,0.9707109191719656,0.0386869871043376,2460,99,21,10542,0.9996942367455514
63,anuja_ae_cnn_lstm,11,darpa,559141,271.76606689600067,3.384891577000417,80.50533652798954,19.49466347201045,9182,0.9620997604007842,0.9688402379743162,0.9949409780775716,0.9577922077922078,0.9760132340777502,0.9428821357110744,0.8895681798840742,0.0201117318435754,1754,36,312,7080,0.9942774840383082
64,anuja_ae_cnn_lstm,11,unsw-nb15,559141,271.76606689600067,2.9605749419997665,80.50299953853253,19.49700046146746,4334,0.8495616059067835,0.8801073873763867,0.9800338409475464,0.8300372599598739,0.8988206083178151,0.802827570345958,0.6466276471895186,0.0698224852071005,786,59,593,2896,0.9432044243870424
65,anuja_ae_cnn_lstm,11,POOLED_ALL_ROWS,559141,271.76606689600067,17.826896091998606,80.50003520666311,19.499964793336886,397652,0.937010250168489,0.9561754674325478,0.9967607900709125,0.9247571147418076,0.9594098811206035,0.9094275119375688,0.8313246280462268,0.0124061798767119,76580,962,24086,296024,0.982083447977405
67,anuja_ae_cnn_lstm,22,cic2017,559141,246.0304610049997,0.8905800510001427,80.49965992601317,19.50034007398684,60281,0.9777541845689356,0.9724521155023992,0.991131835876512,0.9811441289205788,0.9861126932676076,0.9651176825227992,0.9305436681016062,0.0362398979157805,11329,426,915,47611,0.9969140723658944
68,anuja_ae_cnn_lstm,22,cic2018,559141,246.0304610049997,0.5256015330005539,80.4983996342021,19.5016003657979,13122,0.9946654473403445,0.9891358042777778,0.9951864086833412,0.9982012685790022,0.996691558748464,0.9914641435110784,0.982958383252842,0.0199296600234466,2508,51,19,10544,0.9996877996244052
69,anuja_ae_cnn_lstm,22,darpa,559141,246.0304610049997,0.5747819099997287,80.50533652798954,19.49466347201045,9182,0.9201698976257896,0.9404699932283732,0.9930401303124538,0.9071969696969696,0.9481795687522092,0.8872208580902549,0.7912098507368557,0.0262569832402234,1743,47,686,6706,0.9914069490797844
70,anuja_ae_cnn_lstm,22,unsw-nb15,559141,246.0304610049997,0.4952563970000483,80.50299953853253,19.49700046146746,4334,0.8544070143054915,0.867422550331473,0.96913985554826,0.8460877042132416,0.903442999234889,0.8038077630961131,0.6370180835688959,0.1112426035502958,751,94,537,2952,0.9428920309137256
71,anuja_ae_cnn_lstm,22,POOLED_ALL_ROWS,559141,246.0304610049997,5.0249654990002455,80.50003520666311,19.499964793336886,397652,0.93613762787563,0.9556432385561836,0.9967636994960136,0.9236668645153228,0.9588241493648104,0.9083011253603324,0.8294011173693265,0.0123803874029558,76582,960,24435,295675,0.9800148421501452
73,anuja_ae_cnn_lstm,33,cic2017,559141,246.0296491789996,0.8928084039998794,80.49965992601317,19.50034007398684,60281,0.9841907068562232,0.9838631797767388,0.9959136870634838,0.9844001154020524,0.9901234312008372,0.9752661109308992,0.9509420892626292,0.016673755848575,11559,196,757,47769,0.9983094356640132
74,anuja_ae_cnn_lstm,33,cic2018,559141,246.0296491789996,0.5244434870000987,80.4983996342021,19.5016003657979,13122,0.9956561499771376,0.9904914286957316,0.9956595584072466,0.998958629177317,0.9973063654836728,0.9930462576975712,0.9861286309244144,0.0179757717858538,2513,46,11,10552,0.9999266020209528
75,anuja_ae_cnn_lstm,33,darpa,559141,246.0296491789996,0.5724859530000685,80.50533652798954,19.49466347201045,9182,0.9393378348943584,0.9593604893709642,0.9979600757686145,0.9265422077922078,0.9609259908803928,0.9126849472532896,0.8376908164294856,0.0078212290502793,1776,14,543,6849,0.9924897291953856
76,anuja_ae_cnn_lstm,33,unsw-nb15,559141,246.0296491789996,0.4962777270002334,80.50299953853253,19.49700046146746,4334,0.8634056299030919,0.8752535865043306,0.9710569105691056,0.8558326167956435,0.9098110907982936,0.814221134752759,0.6549350928222237,0.1053254437869822,756,89,503,2986,0.9443473232017447
77,anuja_ae_cnn_lstm,33,POOLED_ALL_ROWS,559141,246.0296491789996,5.040116939000654,80.50003520666311,19.499964793336886,397652,0.9360144045547364,0.9572133367231154,0.9978946443537268,0.922461029021274,0.9586962803276506,0.9083873075091248,0.8303092006052856,0.0080343555750432,76919,623,24821,295289,0.9747121295727376
79,anuja_ae_cnn_lstm,44,cic2017,559141,248.6480333440004,0.9003028520000953,80.49965992601317,19.50034007398684,60281,0.9833446691328944,0.9785674504468288,0.992864550923045,0.986399043811565,0.9896212371816075,0.9737411986294172,0.9476141248617728,0.0292641429179072,11411,344,660,47866,0.9981871229520444
80,anuja_ae_cnn_lstm,44,cic2018,559141,248.6480333440004,0.5372596120005255,80.4983996342021,19.5016003657979,13122,0.9961133973479652,0.9915157078519228,0.9961298848404756,0.9990532992521064,0.997589450300137,0.9937819474815016,0.9875922221653896,0.016021883548261,2518,41,10,10553,0.9999295986118312
81,anuja_ae_cnn_lstm,44,darpa,559141,248.6480333440004,0.5771055029999843,80.50533652798954,19.49466347201045,9182,0.9648224787627968,0.9762468560303756,0.99873006914068,0.957521645021645,0.9776918295462392,0.9472757732029782,0.8991794686421174,0.0050279329608938,1781,9,314,7078,0.9950189620667972
82,anuja_ae_cnn_lstm,44,unsw-nb15,559141,248.6480333440004,0.5074426410001251,80.50299953853253,19.49700046146746,4334,0.8414859252422704,0.8701591307253058,0.9762066621346024,0.823158498137002,0.8931736899393562,0.7930329781838041,0.6281398545637235,0.0828402366863905,775,70,617,2872,0.9445331990143154
83,anuja_ae_cnn_lstm,44,POOLED_ALL_ROWS,559141,248.6480333440004,5.141340316000424,80.50003520666311,19.499964793336886,397652,0.9364544878436422,0.9569443170158872,0.99752285620754,0.9233544719002844,0.9590067794795424,0.9088742145713667,0.830887253103624,0.0094658378685099,76808,734,24535,295575,0.9772469367199234
85,anuja_ae_cnn_lstm,55,cic2017,559141,248.02569339899944,0.902287420999528,80.49965992601317,19.50034007398684,60281,0.9783347986927888,0.9763904252970949,0.9934169278996864,0.979577958207971,0.9864489084419358,0.9662253638381018,0.9330342351867836,0.0267971076137813,11440,315,991,47535,0.9969976015874392
86,anuja_ae_cnn_lstm,55,cic2018,559141,248.02569339899944,0.5361827770002492,80.4983996342021,19.5016003657979,13122,0.995122694711172,0.9891237069294166,0.995002357378595,0.998958629177317,0.9969765684051398,0.9921841076856276,0.9844202688611486,0.0207112153184837,2506,53,11,10552,0.9998362233602608
87,anuja_ae_cnn_lstm,55,darpa,559141,248.02569339899944,0.5718442139996114,80.50533652798954,19.49466347201045,9182,0.9589414071008496,0.9662435911388424,0.9945016213167912,0.9542748917748918,0.9739730755954435,0.9383915390867138,0.8811831125343321,0.0217877094972067,1751,39,338,7054,0.9918889740380664
88,anuja_ae_cnn_lstm,55,unsw-nb15,559141,248.02569339899944,0.5173000710001361,80.50299953853253,19.49700046146746,4334,0.8391785879095524,0.87141650597567,0.978082191780822,0.8185726569217541,0.8912466843501327,0.7913515404929061,0.6277025667734902,0.0757396449704142,781,64,633,2856,0.9482086557752938
89,anuja_ae_cnn_lstm,55,POOLED_ALL_ROWS,559141,248.02569339899944,5.160029371999372,80.50003520666311,19.499964793336886,397652,0.9365601078329796,0.9570392363972284,0.9975433540640956,0.9234669332416982,0.9590769066054126,0.9090148447930196,0.8311408109667473,0.0093884604472414,76814,728,24499,295611,0.9784632923904126
91,smart_city_voting_ensemble,11,cic2017,559141,4.846421864000149,0.2541821310005616,80.49965992601317,19.50034007398684,60281,0.9955541547087804,0.9957881835892596,0.9990692479523456,0.9954045254090592,0.997233519829882,0.9929598872367916,0.9859630828274608,0.0038281582305401,11710,45,223,48303,0.9983703965510656
92,smart_city_voting_ensemble,11,cic2018,559141,4.846421864000149,0.073654983999404,80.4983996342021,19.5016003657979,13122,0.9986282578875172,0.9981115928223436,0.9993370584335638,0.998958629177317,0.9991478079727298,0.9978167778637566,0.995634025079288,0.0027354435326299,2552,7,11,10552,0.9990834686331108
93,smart_city_voting_ensemble,11,darpa,559141,4.846421864000149,0.0665700190002098,80.50533652798954,19.49466347201045,9182,0.9895447614898716,0.9909662265109191,0.9983606557377048,0.9886363636363636,0.9934747145187602,0.983593874236379,0.9674838619023132,0.0067039106145251,1778,12,84,7308,0.996314829258265
94,smart_city_voting_ensemble,11,unsw-nb15,559141,4.846421864000149,0.0525541400002111,80.50299953853253,19.49700046146746,4334,0.9656206737425012,0.9705758249511144,0.9946682464454976,0.9624534250501576,0.9782957028404952,0.9478278292350008,0.898575293900227,0.0213017751479289,827,18,131,3358,0.9867899281087984
95,smart_city_voting_ensemble,11,POOLED_ALL_ROWS,559141,4.846421864000149,1.5932254709996414,80.50003520666311,19.499964793336886,397652,0.9413431844929736,0.9588813882771968,0.9967894530687672,0.9301302677204712,0.9623068681491824,0.9150735773113567,0.8410524148662353,0.0123674911660777,76583,959,22366,297744,0.9658041352682954
97,smart_city_voting_ensemble,22,cic2017,559141,4.946538915000019,0.2192784759999995,80.49965992601317,19.50034007398684,60281,0.9954877988089116,0.9956825058969822,0.999027881194672,0.9953633103903062,0.9971922290810744,0.9928548109268932,0.985752923919458,0.0039982985963419,11708,47,225,48301,0.9983715150190352
98,smart_city_voting_ensemble,22,cic2018,559141,4.946538915000019,0.0610063499998432,80.4983996342021,19.5016003657979,13122,0.9986282578875172,0.998259646608708,0.9994316567206591,0.9988639591025276,0.9991477272727272,0.9978174233553332,0.9956359021297008,0.0023446658851113,2553,6,12,10551,0.999206791295991
99,smart_city_voting_ensemble,22,darpa,559141,4.946538915000019,0.0470297410001876,80.50533652798954,19.49466347201045,9182,0.989653670224352,0.99103386720356,0.9983608796612484,0.988771645021645,0.9935431251274384,0.9837614283539136,0.9678109851003338,0.0067039106145251,1778,12,83,7309,0.9961011375728556
100,smart_city_voting_ensemble,22,unsw-nb15,559141,4.946538915000019,0.0324538940003549,80.50299953853253,19.49700046146746,4334,0.9635440701430548,0.9683892402326162,0.9940670424206468,0.9604471195184868,0.9769679300291544,0.9447892747490904,0.8927363633288369,0.0236686390532544,825,20,138,3351,0.9855830920848448
101,smart_city_voting_ensemble,22,POOLED_ALL_ROWS,559141,4.946538915000019,1.5117118640000626,80.50003520666311,19.499964793336886,397652,0.940646595515677,0.9584340660392768,0.9967764850954322,0.9292743119552652,0.9618425264573788,0.9141591763548138,0.8394651897073945,0.0124061798767119,76580,962,22640,297470,0.9657874999445752
103,smart_city_voting_ensemble,33,cic2017,559141,5.682252978999713,0.2184267980001095,80.49965992601317,19.50034007398684,60281,0.9956205106086496,0.99579716727125,0.9990486826322538,0.9955075629559412,0.9972749793559044,0.9930636361182864,0.9861677312800348,0.003913228413441,11709,46,218,48308,0.9982586777292848
104,smart_city_voting_ensemble,33,cic2018,559141,5.682252978999713,0.08309748100055,80.4983996342021,19.5016003657979,13122,0.9986282578875172,0.998259646608708,0.9994316567206591,0.9988639591025276,0.9991477272727272,0.9978174233553332,0.9956359021297008,0.0023446658851113,2553,6,12,10551,0.9991599001979856
105,smart_city_voting_ensemble,33,darpa,559141,5.682252978999713,0.0471528069992928,80.50533652798954,19.49466347201045,9182,0.9893269440209104,0.990830945125638,0.9983602077070238,0.9883658008658008,0.9933378653976886,0.9832589710130206,0.9668303373294916,0.0067039106145251,1778,12,86,7306,0.9963078762485188
106,smart_city_voting_ensemble,33,unsw-nb15,559141,5.682252978999713,0.0350045639997915,80.50299953853253,19.49700046146746,4334,0.9642362713428704,0.9692675712849004,0.9943653618030842,0.9610203496703926,0.9774085410290044,0.9458155046041536,0.8947424846000265,0.0224852071005917,826,19,136,3353,0.9861663283252012
107,smart_city_voting_ensemble,33,POOLED_ALL_ROWS,559141,5.682252978999713,1.5292218909999065,80.50003520666311,19.499964793336886,397652,0.941265226881796,0.958818308955774,0.996779140077274,0.9300427977882604,0.962255247354506,0.9149693150819982,0.8408657765294479,0.0124061798767119,76580,962,22394,297716,0.9656242553245056
109,smart_city_voting_ensemble,44,cic2017,559141,4.712525386999914,0.2399327020002601,80.49965992601317,19.50034007398684,60281,0.995587332658715,0.9957443284251114,0.9990280018199116,0.9954869554465648,0.9972543352601156,0.9930110879070616,0.986062631919934,0.0039982985963419,11708,47,219,48307,0.9982327013983462
110,smart_city_voting_ensemble,44,cic2018,559141,4.712525386999914,0.0794087600006605,80.4983996342021,19.5016003657979,13122,0.998780673677793,0.9983543166834976,0.999431764371626,0.9990532992521064,0.99924249597576,0.998059358101117,0.9961191857106524,0.0023446658851113,2553,6,10,10553,0.999233982583592
111,smart_city_voting_ensemble,44,darpa,559141,4.712525386999914,0.0629136150000704,80.50533652798954,19.49466347201045,9182,0.9895447614898716,0.9909662265109191,0.9983606557377048,0.9886363636363636,0.9934747145187602,0.983593874236379,0.9674838619023132,0.0067039106145251,1778,12,84,7308,0.9963802026651188
112,smart_city_voting_ensemble,44,unsw-nb15,559141,4.712525386999914,0.0524024199994528,80.50299953853253,19.49700046146746,4334,0.9605445316105214,0.9669746506772764,0.9943384982121574,0.9564345084551448,0.975018261504748,0.940608417642116,0.8851599127090135,0.0224852071005917,826,19,152,3337,0.9862241601245504
113,smart_city_voting_ensemble,44,POOLED_ALL_ROWS,559141,4.712525386999914,1.5706905680008276,80.50003520666311,19.499964793336886,397652,0.9409785440535946,0.9585962697669276,0.9967479620338802,0.9297147855424698,0.9620651309536894,0.914587476807898,0.8401865801509983,0.0125222460086146,76571,971,22499,297611,0.96569979399161
115,smart_city_voting_ensemble,55,cic2017,559141,4.762739220000185,0.2198810300005789,80.49965992601317,19.500340073986838,60281,0.995786400358322,0.99586797348137,0.9990282429806062,0.9957342455590816,0.99737852454279,0.9933238207842804,0.9866826912985612,0.0039982985963419,11708,47,207,48319,0.998412126100146
116,smart_city_voting_ensemble,55,cic2018,559141,4.762739220000185,0.0608749899993199,80.4983996342021,19.5016003657979,13122,0.998704465782655,0.9981589278597384,0.9993371212121211,0.9990532992521064,0.9991951900771672,0.9979377629745336,0.9958757900814128,0.0027354435326299,2552,7,10,10553,0.9991441958420858
117,smart_city_voting_ensemble,55,darpa,559141,4.762739220000185,0.046685029999935,80.50533652798954,19.49466347201045,9182,0.989653670224352,0.99103386720356,0.9983608796612484,0.988771645021645,0.9935431251274384,0.9837614283539136,0.9678109851003338,0.0067039106145251,1778,12,83,7309,0.9960375402065346
118,smart_city_voting_ensemble,55,unsw-nb15,559141,4.762739220000185,0.0323937749999458,80.50299953853253,19.49700046146746,4334,0.9630826026765114,0.9689994420333728,0.9946508172362556,0.9593006592146748,0.9766559673183542,0.9442265503625952,0.8919217161797764,0.0213017751479289,827,18,142,3347,0.9868555612652444
119,smart_city_voting_ensemble,55,POOLED_ALL_ROWS,559141,4.762739220000185,1.498961926999982,80.50003520666311,19.499964793336886,397652,0.9408226288312392,0.958548289609904,0.996780569514238,0.929489862859642,0.9619598777905304,0.914390241452228,0.8398665531522773,0.0123932836398338,76581,961,22571,297539,0.9658427659456624
