model,seed,test_source,n_train_raw,fit_seconds,prediction_seconds,test_attack_pct,test_normal_pct,n_test,accuracy,balanced_accuracy,precision,recall,specificity,f1,macro_f1,mcc,false_positive_rate,tn,fp,fn,tp,roc_auc
kwon_cnn,11,cic2017,65120,76.71605683999996,1.457676326000069,56.90751916489969,43.09248083510031,6131,0.9902136682433534,0.9905745731854564,0.9948051948051948,0.9879621668099742,0.9931869795609388,0.99137187230371,0.9900340898820736,0.9800996400327372,0.0068130204390613,2624,18,42,3447,0.9986156339953686
kwon_cnn,11,cic2018,65120,76.71605683999996,0.5582548109999834,56.90751916489969,43.09248083510031,6131,0.995596150709509,0.9949821207302544,0.9928815489749432,0.999426769848094,0.9905374716124148,0.9961434080845594,0.9955056519609264,0.9910404850723444,0.0094625283875851,2617,25,2,3487,0.9999870903883276
kwon_cnn,11,darpa,65120,76.71605683999996,0.6441723670000101,56.90751916489969,43.09248083510031,6131,0.9827108138965912,0.9839364834087624,0.9944460684010524,0.9750644883920896,0.9928084784254352,0.9846599131693198,0.9824271165248692,0.96510389595641,0.0071915215745647,2623,19,87,3402,0.997279923123805
kwon_cnn,11,unsw-nb15,65120,76.71605683999996,0.6234835149999753,56.90751916489969,43.09248083510031,6131,0.8993638884358179,0.9049175097510962,0.9541429475015812,0.8647176841501863,0.945117335352006,0.9072319951886936,0.8986347108361932,0.8024674265102415,0.0548826646479939,2497,145,472,3017,0.9651683489300972
kwon_cnn,11,POOLED_ALL_ROWS,65120,76.71605683999996,3.283587019000038,56.90751916489969,43.09248083510031,24524,0.966971130321318,0.9686026717688924,0.9847345132743364,0.956792777300086,0.9804125662376988,0.9705625817706062,0.9664720766924738,0.9334633702063488,0.0195874337623012,10361,207,603,13353,0.994709062780635
kwon_cnn,22,cic2017,65120,66.43573610399994,1.484344329999999,56.90751916489969,43.09248083510031,6131,0.9926602511825152,0.9932755026124064,0.9982638888888888,0.9888220120378332,0.9977289931869796,0.9935205183585312,0.9925285495685828,0.9851166847703664,0.0022710068130204,2636,6,39,3450,0.9989550808434596
kwon_cnn,22,cic2018,65120,66.43573610399994,0.6406586729999617,56.90751916489969,43.09248083510031,6131,0.997064100473006,0.9968232049293452,0.9962825278810408,0.998566924620235,0.9950794852384556,0.9974234182651016,0.9970058713766752,0.9940152736012944,0.0049205147615442,2629,13,5,3484,0.999981883150006
kwon_cnn,22,darpa,65120,66.43573610399994,0.6322406640000509,56.90751916489969,43.09248083510031,6131,0.9787962811939324,0.9805889885568768,0.994989684644857,0.9676124964173116,0.993565480696442,0.981110142400465,0.9784732868136156,0.957441066249214,0.0064345193035579,2625,17,113,3376,0.9960311080417332
kwon_cnn,22,unsw-nb15,65120,66.43573610399994,0.7008169430000635,56.90751916489969,43.09248083510031,6131,0.8825640189202414,0.8919945545305251,0.9647532729103726,0.823731728288908,0.9602573807721424,0.8886827458256029,0.8822081316287145,0.7767809477082399,0.0397426192278576,2537,105,615,2874,0.9643958876703228
kwon_cnn,22,POOLED_ALL_ROWS,65120,66.43573610399994,3.458060610000075,56.90751916489969,43.09248083510031,24524,0.9627711629424236,0.9656705626572883,0.9894183864915572,0.944683290341072,0.9866578349735048,0.966533484842931,0.9622946286712932,0.9258964779621184,0.013342165026495,10427,141,772,13184,0.9942934397313152
kwon_cnn,33,cic2017,65120,66.59979268899997,1.5282341140000426,56.90751916489969,43.09248083510031,6131,0.9911923014190182,0.991572247502641,0.9956709956709956,0.9888220120378332,0.9943224829674489,0.9922346850733392,0.9910306808938664,0.9820928543014532,0.005677517032551,2627,15,39,3450,0.9992377904906716
kwon_cnn,33,cic2018,65120,66.59979268899997,0.6694231389999459,56.90751916489969,43.09248083510031,6131,0.995596150709509,0.99511994981958,0.9937250427837993,0.998566924620235,0.991672975018925,0.9961401000714796,0.9955069211198484,0.9910297752326828,0.0083270249810749,2620,22,5,3484,0.999982642538928
kwon_cnn,33,darpa,65120,66.59979268899997,0.5961738739999873,56.90751916489969,43.09248083510031,6131,0.9814059696623716,0.9827440800751752,0.9941434846266471,0.9730581828604185,0.992429977289932,0.9834878331402086,0.9811056186977638,0.9625063578184248,0.0075700227100681,2622,20,94,3395,0.9966043381936396
kwon_cnn,33,unsw-nb15,65120,66.59979268899997,0.4633515080000734,56.90751916489969,43.09248083510031,6131,0.8965910944381015,0.903859572498752,0.9627228525121556,0.8512467755803955,0.9564723694171082,0.9035594767264984,0.8960483740875811,0.7999903247314135,0.0435276305828917,2527,115,519,2970,0.9660443582935792
kwon_cnn,33,POOLED_ALL_ROWS,65120,66.59979268899997,3.257182635000049,56.90751916489969,43.09248083510031,24524,0.96619637905725,0.968323962474037,0.9872318313414,0.9529234737747204,0.9837244511733536,0.9697743099865096,0.9657159788219398,0.9322089214933882,0.0162755488266464,10396,172,657,13299,0.994737882268247
kwon_cnn,44,cic2017,65120,62.93955189500002,1.022642004999966,56.90751916489969,43.09248083510031,6131,0.9905398793019085,0.9910449603805104,0.9959525874530212,0.9873889366580684,0.9947009841029524,0.9916522740356936,0.990368854368242,0.9807868567021794,0.0052990158970476,2628,14,44,3445,0.9992540631104266
kwon_cnn,44,cic2018,65120,62.93955189500002,0.4438265699999419,56.90751916489969,43.09248083510031,6131,0.997064100473006,0.9966853758400198,0.995432486440194,0.999426769848094,0.9939439818319457,0.9974256292906178,0.9970050347591608,0.9940208888068004,0.0060560181680545,2626,16,2,3487,0.9999889346185664
kwon_cnn,44,darpa,65120,62.93955189500002,0.5655074850000119,56.90751916489969,43.09248083510031,6131,0.9756972761376612,0.9778202023055482,0.9946682464454976,0.9624534250501576,0.9931869795609388,0.9782957028404952,0.9753438862544148,0.9513698287030432,0.0068130204390613,2624,18,131,3358,0.9967221519606664
kwon_cnn,44,unsw-nb15,65120,62.93955189500002,0.6016837639999721,56.90751916489969,43.09248083510031,6131,0.900831838199315,0.9070801951586136,0.959782955633578,0.8618515333906563,0.9523088569265707,0.9081848384173966,0.9001917099888401,0.8065491714299002,0.0476911430734292,2516,126,482,3007,0.963644635058296
kwon_cnn,44,POOLED_ALL_ROWS,65120,62.93955189500002,2.633659823999892,56.90751916489969,43.09248083510031,24524,0.9660332735279726,0.9681576834211728,0.9870833642639744,0.952780166236744,0.9835352006056018,0.9696284682976628,0.965550555318065,0.931877939461808,0.0164647993943981,10394,174,659,13297,0.9944915317558004
kwon_cnn,55,cic2017,65120,63.68900418800001,1.0481614399999444,56.90751916489969,43.09248083510031,6131,0.9902136682433534,0.9904367440961308,0.9939498703543648,0.9888220120378332,0.9920514761544283,0.9913793103448276,0.9900314129996488,0.9800805316851948,0.0079485238455715,2621,21,39,3450,0.998922318635686
kwon_cnn,55,cic2018,65120,63.68900418800001,0.4429172679999738,56.90751916489969,43.09248083510031,6131,0.995269939650954,0.9945576765649758,0.9920364050056882,0.999713384924047,0.9894019682059046,0.9958600999286225,0.9951718228385742,0.9903838610690348,0.0105980317940953,2614,28,1,3488,0.9999866564518008
kwon_cnn,55,darpa,65120,63.68900418800001,0.4669885470000281,56.90751916489969,43.09248083510031,6131,0.9804273364867068,0.9818842348473162,0.9941331768847168,0.9713384924047004,0.992429977289932,0.9826036532328212,0.9801161442897884,0.9605766916382223,0.0075700227100681,2622,20,100,3389,0.995976160829027
kwon_cnn,55,unsw-nb15,65120,63.68900418800001,0.4443995709999626,56.90751916489969,43.09248083510031,6131,0.8926765617354429,0.8995932170513623,0.9570552147239264,0.8495270851246776,0.9496593489780468,0.9000911023382934,0.8920821966941643,0.7915650376283959,0.050340651021953,2509,133,525,2964,0.963401250908826
kwon_cnn,55,POOLED_ALL_ROWS,65120,63.68900418800001,2.402466825999909,56.90751916489969,43.09248083510031,24524,0.9646468765291144,0.9666179681399464,0.9850292744385978,0.9523502436228144,0.980885692657078,0.9684141498779556,0.964136701310569,0.9289805774185008,0.019114307342922,10366,202,665,13291,0.9943754503447516
vinayakumar_dnn,11,cic2017,65120,96.809394645,1.2828414260000045,56.90751916489969,43.09248083510031,6131,0.933616049584081,0.922975018925057,0.895533880903491,1.0,0.9295987887963664,0.944888287068382,0.930717672342885,0.87038894779654,0.154049962149886,2235,407,0,3489,0.922975018925057
vinayakumar_dnn,11,cic2018,65120,96.809394645,0.2769260439999925,56.90751916489969,43.09248083510031,6131,0.961996411678356,0.955904617713853,0.937399247716282,1.0,0.9799394398183194,0.967688254056303,0.960779387372638,0.924515706383991,0.088190764572294,2409,233,0,3489,0.955904617713853
vinayakumar_dnn,11,darpa,65120,96.809394645,0.7315243900000041,56.90751916489969,43.09248083510031,6131,0.866253465992497,0.859378474882344,0.86312925170068,0.909143020922901,0.8739591218773657,0.885538805136795,0.862345707001509,0.726366983468223,0.190386071158213,2139,503,317,3172,0.859378474882344
vinayakumar_dnn,11,unsw-nb15,65120,96.809394645,0.374658500999999,56.90751916489969,43.09248083510031,6131,0.821888762029033,0.807718548334779,0.803034134007585,0.910289481226712,0.79333838001514,0.853304674905965,0.813327306319732,0.63693904528166,0.294852384557154,1863,779,313,3176,0.807718548334779
vinayakumar_dnn,11,POOLED_ALL_ROWS,65120,96.809394645,2.665950361,56.90751916489969,43.09248083510031,24524,0.895938672320992,0.886494164964008,0.873950682056663,0.954858125537403,0.8942089326267979,0.912614710313656,0.892005803050398,0.789337995260022,0.181869795609387,8646,1922,630,13326,0.886494164964008
vinayakumar_dnn,22,cic2017,65120,94.44165546300007,1.234105928999952,56.90751916489969,43.09248083510031,6131,0.908334692546077,0.918266644883053,0.991272239006378,0.846374319289195,0.9523088569265707,0.913110698824985,0.908056902743524,0.828842026124889,0.009841029523089,2616,26,536,2953,0.918266644883053
vinayakumar_dnn,22,cic2018,65120,94.44165546300007,0.416571537999971,56.90751916489969,43.09248083510031,6131,0.994943728592399,0.994133232399697,0.991193181818182,1.0,0.9682059046177138,0.99557711513768,0.994837862727797,0.989728741488656,0.011733535200606,2611,31,0,3489,0.994133232399697
vinayakumar_dnn,22,darpa,65120,94.44165546300007,0.7463242060000539,56.90751916489969,43.09248083510031,6131,0.946501386396999,0.947757622149335,0.966361758630865,0.938664373746059,0.9269492808478426,0.952311718522826,0.945695235190091,0.891908627550382,0.043149129447388,2528,114,214,3275,0.947757622149335
vinayakumar_dnn,22,unsw-nb15,65120,94.44165546300007,0.3965328739998313,56.90751916489969,43.09248083510031,6131,0.761376610667102,0.786987230766794,0.966390423572744,0.601605044425337,0.8622255866767601,0.741565094506271,0.759966004305097,0.594274094974077,0.027630582891749,2569,73,1390,2099,0.786987230766794
vinayakumar_dnn,22,POOLED_ALL_ROWS,65120,94.44165546300007,2.7935345469998083,56.90751916489969,43.09248083510031,24524,0.902789104550644,0.91178618254972,0.979767827529022,0.846660934365148,0.9274224072672218,0.908364083640836,0.902427960542197,0.815786049104617,0.023088569265708,10324,244,2140,11816,0.91178618254972
vinayakumar_dnn,33,cic2017,65120,96.08980556000006,2.648963633999984,56.90751916489969,43.09248083510031,6131,0.947316914043386,0.952930633727413,0.9946875,0.912295786758384,0.9678274034822104,0.951711765585289,0.946876876871238,0.898040004969332,0.006434519303558,2625,17,306,3183,0.952930633727413
vinayakumar_dnn,33,cic2018,65120,96.08980556000006,0.2919848710000678,56.90751916489969,43.09248083510031,6131,0.998532050236503,0.998526460039111,0.998853211009174,0.998566924620235,0.996214988644966,0.998710047298266,0.998503557234752,0.997007169677558,0.001514004542014,2638,4,5,3484,0.998526460039111
vinayakumar_dnn,33,darpa,65120,96.08980556000006,0.2784680909999224,56.90751916489969,43.09248083510031,6131,0.923503506768879,0.932191505301945,0.995732107682206,0.869303525365434,0.975775927327782,0.92823259372609,0.923169902590302,0.85611199094143,0.004920514761544,2629,13,456,3033,0.932191505301945
vinayakumar_dnn,33,unsw-nb15,65120,96.08980556000006,0.2773729729999559,56.90751916489969,43.09248083510031,6131,0.799706410047301,0.821721191876101,0.978822532825074,0.662367440527372,0.9053747161241484,0.79008547008547,0.799284781206179,0.654798818848441,0.01892505677517,2592,50,1178,2311,0.821721191876101
vinayakumar_dnn,33,POOLED_ALL_ROWS,65120,96.08980556000006,3.496789568999929,56.90751916489969,43.09248083510031,24524,0.917264720274017,0.926342447736142,0.993054981397272,0.860633419317856,0.9612982588947768,0.92211431422978,0.916942707404058,0.84458705802774,0.007948523845572,10484,84,1945,12011,0.926342447736142
vinayakumar_dnn,44,cic2017,65120,95.6466806599999,1.0502119199998106,56.90751916489969,43.09248083510031,6131,0.914043386070788,0.900264950794852,0.868774900398406,1.0,0.9443603330809992,0.929780146568954,0.909498019469047,0.833954606390265,0.199470098410295,2115,527,0,3489,0.900264950794852
vinayakumar_dnn,44,cic2018,65120,95.6466806599999,0.3747420709999005,56.90751916489969,43.09248083510031,6131,0.913390963953678,0.899507948523846,0.867910447761194,1.0,0.9443603330809992,0.929284858170196,0.908782971900162,0.832751010191506,0.200984102952309,2111,531,0,3489,0.899507948523846
vinayakumar_dnn,44,darpa,65120,95.6466806599999,0.2967101829999592,56.90751916489969,43.09248083510031,6131,0.845865274832817,0.829565787923503,0.812684365781711,0.947549441100602,0.860333080999243,0.874950377133783,0.837050108864447,0.690794581506364,0.288417865253596,1880,762,183,3306,0.829565787923503
vinayakumar_dnn,44,unsw-nb15,65120,95.6466806599999,0.2817305900000519,56.90751916489969,43.09248083510031,6131,0.677377263089219,0.672937754625818,0.721619243179818,0.705073086844368,0.7195306585919757,0.713250217454335,0.672247778376683,0.344730049636186,0.359197577592733,1693,949,1029,2460,0.672937754625818
vinayakumar_dnn,44,POOLED_ALL_ROWS,65120,95.6466806599999,2.0033947639997223,56.90751916489969,43.09248083510031,24524,0.837669221986625,0.825569110467005,0.821504544575517,0.913155631986242,0.8671461014383043,0.864908887305304,0.83078939436515,0.668829900341511,0.262017411052233,7799,2769,1212,12744,0.825569110467005
vinayakumar_dnn,55,cic2017,65120,98.50336657599996,1.058419547000085,56.90751916489969,43.09248083510031,6131,0.895775566791714,0.890554644650463,0.892778390297685,0.928346231011751,0.933005299015897,0.910214978221161,0.893008363746149,0.786981693426441,0.147236941710825,2253,389,250,3239,0.890554644650463
vinayakumar_dnn,55,cic2018,65120,98.50336657599996,0.3742372209999303,56.90751916489969,43.09248083510031,6131,0.939977165225901,0.930355791067373,0.904589058854032,1.0,0.9587433762301288,0.949904710046284,0.937523551117527,0.882377628925414,0.139288417865254,2274,368,0,3489,0.930355791067373
vinayakumar_dnn,55,darpa,65120,98.50336657599996,0.2856776549999722,56.90751916489969,43.09248083510031,6131,0.900016310552928,0.883989401968206,0.850560702096538,1.0,0.882664647993944,0.919246476090107,0.894005597282904,0.808215683262466,0.232021196063588,2029,613,0,3489,0.883989401968206
vinayakumar_dnn,55,unsw-nb15,65120,98.50336657599996,0.3837905550001323,56.90751916489969,43.09248083510031,6131,0.734464198336324,0.748501888383281,0.85073501696193,0.64689022642591,0.8099924299772899,0.734939759036145,0.73446334357036,0.49675605163028,0.149886449659349,2246,396,1232,2257,0.748501888383281
vinayakumar_dnn,55,POOLED_ALL_ROWS,65120,98.50336657599996,2.10212497800012,56.90751916489969,43.09248083510031,24524,0.867558310226717,0.863350431517331,0.875983146067416,0.893809114359415,0.8961014383043149,0.88480635551142,0.86452096022262,0.729283738846558,0.167108251324754,8802,1766,1482,12474,0.863350431517331
kilichev_cnn,11,cic2017,65120,500.228510118,1.1195607829999972,56.90751916489969,43.09248083510031,6131,0.960039145327027,0.959284603563183,0.965022935779816,0.964746345657782,0.9958364875094624,0.964884620897234,0.959263502501597,0.91852705800026,0.046177138531416,2520,122,123,3366,0.959284603563183
kilichev_cnn,11,cic2018,65120,500.228510118,0.5046433590000561,56.90751916489969,43.09248083510031,6131,0.972924482139945,0.970468069974001,0.96501539322698,0.988248781885927,0.9965934897804694,0.97649391107335,0.972285417075137,0.944953118590686,0.047312641937926,2517,125,41,3448,0.970468069974001
kilichev_cnn,11,darpa,65120,500.228510118,0.4416350559999955,56.90751916489969,43.09248083510031,6131,0.945359647692057,0.946570697264399,0.965191740412979,0.9378045285182,0.991672975018925,0.951301061200756,0.944534052799895,0.889575355023611,0.044663133989402,2524,118,217,3272,0.946570697264399
kilichev_cnn,11,unsw-nb15,65120,500.228510118,0.4638774039999589,56.90751916489969,43.09248083510031,6131,0.83673136519328,0.852276452716432,0.965220643231114,0.73975351103468,0.9254352763058288,0.837579101087133,0.836726917325006,0.703558331526915,0.035200605601817,2549,93,908,2581,0.852276452716432
kilichev_cnn,11,POOLED_ALL_ROWS,65120,500.228510118,2.529716602000008,56.90751916489969,43.09248083510031,24524,0.928763660088077,0.932149955879504,0.965104761904762,0.907638291774147,0.9773845571536716,0.935489826815849,0.927980721665766,0.858140340878196,0.04333838001514,10110,458,1289,12667,0.932149955879504
kilichev_cnn,22,cic2017,65120,518.7383750199999,0.9544061540000256,56.90751916489969,43.09248083510031,6131,0.93687816016963,0.944356210683995,0.998713826366559,0.890226425910003,0.9965934897804694,0.941354750719806,0.936508207074542,0.880283546504795,0.001514004542014,2638,4,383,3106,0.944356210683995
kilichev_cnn,22,cic2018,65120,518.7383750199999,0.457208977999926,56.90751916489969,43.09248083510031,6131,0.970967215788615,0.966313398940197,0.95145895827652,1.0,0.996214988644966,0.975125768585802,0.970132410340688,0.941995818234904,0.067373202119606,2464,178,0,3489,0.966313398940197
kilichev_cnn,22,darpa,65120,518.7383750199999,0.4610182719998192,56.90751916489969,43.09248083510031,6131,0.920567607241885,0.930025456886345,0.998671096345515,0.861564918314703,0.9973504920514762,0.925065394676104,0.920280398188304,0.851943749285266,0.001514004542014,2638,4,483,3006,0.930025456886345
kilichev_cnn,22,unsw-nb15,65120,518.7383750199999,0.4554042760000811,56.90751916489969,43.09248083510031,6131,0.885010601859403,0.882934068335022,0.899770246984492,0.897965032960734,0.9076457229371688,0.898866733610673,0.88281080018277,0.765623984922678,0.132096896290689,2293,349,356,3133,0.882934068335022
kilichev_cnn,22,POOLED_ALL_ROWS,65120,518.7383750199999,2.328037679999852,56.90751916489969,43.09248083510031,24524,0.928355896264883,0.93090728371139,0.959680458210867,0.91243909429636,0.97445117335352,0.935463728191001,0.927476170561156,0.856443794095832,0.050624526873581,10033,535,1222,12734,0.93090728371139
kilichev_cnn,33,cic2017,65120,502.974361396,0.9034398720000354,56.90751916489969,43.09248083510031,6131,0.959876039797749,0.958360264519028,0.960522578812837,0.969332186873029,0.9909159727479182,0.96490727532097,0.959033988003212,0.918122397750394,0.052611657834973,2503,139,107,3382,0.958360264519028
kilichev_cnn,33,cic2018,65120,502.974361396,0.4382703259998379,56.90751916489969,43.09248083510031,6131,0.976675909313326,0.972937168811506,0.960627753303965,1.0,0.9965934897804694,0.979918550765342,0.976051475343768,0.95322250280754,0.054125662376987,2499,143,0,3489,0.972937168811506
kilichev_cnn,33,darpa,65120,502.974361396,0.4559595280002213,56.90751916489969,43.09248083510031,6131,0.952373185450987,0.95186000383166,0.960530106597522,0.955574663227286,0.9909159727479182,0.958045977011494,0.951486209931624,0.902989423475583,0.051854655563967,2505,137,155,3334,0.95186000383166
kilichev_cnn,33,unsw-nb15,65120,502.974361396,0.4385837410000022,56.90751916489969,43.09248083510031,6131,0.84504974718643,0.85885004867683,0.960464272760247,0.758956721123531,0.9087812263436792,0.847902657700929,0.844995211829188,0.714445284815197,0.041256623769871,2533,109,841,2648,0.85885004867683
kilichev_cnn,33,POOLED_ALL_ROWS,65120,502.974361396,2.236253467000097,56.90751916489969,43.09248083510031,24524,0.933493720437123,0.935501871459756,0.960541065690158,0.920965892805962,0.9718016654049962,0.940337271829389,0.932607031198191,0.866266566916363,0.04996214988645,10040,528,1103,12853,0.935501871459756
kilichev_cnn,44,cic2017,65120,502.5720515470002,0.9410033079998356,56.90751916489969,43.09248083510031,6131,0.959223617680639,0.9585680658733,0.964972724662647,0.963313270278017,0.9954579863739592,0.964142283419392,0.958441652106671,0.916885209589303,0.046177138531416,2520,122,128,3361,0.9585680658733
kilichev_cnn,44,cic2018,65120,502.5720515470002,0.4701479149998704,56.90751916489969,43.09248083510031,6131,0.975044854020551,0.972331067967695,0.965142219743447,0.991974777873316,0.9969719909159728,0.978374558303887,0.974438869666692,0.94938936763123,0.047312641937926,2517,125,28,3461,0.972331067967695
kilichev_cnn,44,darpa,65120,502.5720515470002,0.4403705120002996,56.90751916489969,43.09248083510031,6131,0.949763496982548,0.950394057759989,0.965194501316174,0.945829750644884,0.991672975018925,0.955414012738854,0.948943465091877,0.898142289970229,0.045041635124905,2523,119,189,3300,0.950394057759989
kilichev_cnn,44,unsw-nb15,65120,502.5720515470002,0.4388110499999129,56.90751916489969,43.09248083510031,6131,0.831675093785679,0.847879862068936,0.965164710336994,0.730581828604185,0.9250567751703256,0.831647634584013,0.831675089307662,0.695791729395287,0.034822104466313,2550,92,940,2549,0.847879862068936
kilichev_cnn,44,POOLED_ALL_ROWS,65120,502.5720515470002,2.2903327849999187,56.90751916489969,43.09248083510031,24524,0.928926765617354,0.93229326341748,0.965115393403915,0.9079249068501,0.9772899318697956,0.935647037105409,0.928143147018761,0.858444766404235,0.04333838001514,10110,458,1285,12671,0.93229326341748
kilichev_cnn,55,cic2017,65120,489.19189825099966,0.8938922709999133,56.90751916489969,43.09248083510031,6131,0.965421627793182,0.964059695346183,0.965615231599886,0.973918028088277,0.9954579863739592,0.969748858447489,0.964699324541597,0.929446760125821,0.045798637395912,2521,121,91,3398,0.964059695346183
kilichev_cnn,55,cic2018,65120,489.19189825099966,0.44738353799994,56.90751916489969,43.09248083510031,6131,0.977817648018268,0.974813239143071,0.965565120799778,0.996560619088564,0.9969719909159728,0.980818053596615,0.977261308314162,0.955207855920251,0.046934140802422,2518,124,12,3477,0.974813239143071
kilichev_cnn,55,darpa,65120,489.19189825099966,0.4362067080000997,56.90751916489969,43.09248083510031,6131,0.95025281357038,0.950915866433469,0.965769455822118,0.946116365720837,0.9943224829674489,0.955841899522224,0.949442891871289,0.899148611792853,0.044284632853899,2525,117,188,3301,0.950915866433469
kilichev_cnn,55,unsw-nb15,65120,489.19189825099966,0.4207385069998963,56.90751916489969,43.09248083510031,6131,0.822378078616865,0.839849161493601,0.965477114041893,0.713384924047005,0.928463285389856,0.820504367891874,0.822358721476203,0.681858140066858,0.033686601059803,2553,89,1000,2489,0.839849161493601
kilichev_cnn,55,POOLED_ALL_ROWS,65120,489.19189825099966,2.1982210239998494,56.90751916489969,43.09248083510031,24524,0.928967541999674,0.932409490604081,0.965614516620921,0.907494984236171,0.9788039364118092,0.935653073286052,0.928192390301563,0.85861137043512,0.042676003028009,10117,451,1291,12665,0.932409490604081
rf_selected_knn,11,cic2017,65120,12.328549467999892,0.240597665000223,56.90751916489969,43.09248083510031,6131,0.940629587343011,0.947146910729927,0.995245641838352,0.899971338492405,0.9727479182437548,0.94521372667068,0.940210992918822,0.886096408772501,0.005677517032551,2627,15,349,3140,0.947146910729927
rf_selected_knn,11,cic2018,65120,12.328549467999892,0.2597955549999824,56.90751916489969,43.09248083510031,6131,0.937041265698907,0.926949280847843,0.900387096774194,1.0,0.9137017411052232,0.947582835415535,0.93438757940642,0.876834788831304,0.146101438304315,2256,386,0,3489,0.926949280847843
rf_selected_knn,11,darpa,65120,12.328549467999892,0.2385572250000223,56.90751916489969,43.09248083510031,6131,0.846191485891372,0.864079960181984,0.993410852713178,0.734594439667526,0.9678274034822104,0.844620201021585,0.846175755282309,0.730396145927915,0.006434519303558,2625,17,926,2563,0.864079960181984
rf_selected_knn,11,unsw-nb15,65120,12.328549467999892,0.2945348419998481,56.90751916489969,43.09248083510031,6131,0.867721415755994,0.868478557785917,0.900418660287081,0.862997993694468,0.8838001514004542,0.881311283477243,0.865964170012705,0.732921546132349,0.126040878122634,2309,333,478,3011,0.868478557785917
rf_selected_knn,11,POOLED_ALL_ROWS,65120,12.328549467999892,1.033485287000076,56.90751916489969,43.09248083510031,24524,0.897895938672321,0.901663677386418,0.942025629149298,0.8743909429636,0.9345193035579108,0.906949089557785,0.896920203826684,0.796894469121057,0.071063588190765,9817,751,1753,12203,0.901663677386418
rf_selected_knn,22,cic2017,65120,12.00075594000009,0.2380433309999716,56.90751916489969,43.09248083510031,6131,0.959223617680639,0.952687358062074,0.933137202460551,1.0,0.9689629068887208,0.96541228555617,0.957874994585793,0.919151146320671,0.094625283875852,2392,250,0,3489,0.952687358062074
rf_selected_knn,22,cic2018,65120,12.00075594000009,0.2848314190000565,56.90751916489969,43.09248083510031,6131,0.9515576578046,0.943792581377744,0.921553090332805,1.0,0.904996214988645,0.959175257731959,0.949810207570611,0.904409669160423,0.112414837244512,2345,297,0,3489,0.943792581377744
rf_selected_knn,22,darpa,65120,12.00075594000009,0.2219867980002163,56.90751916489969,43.09248083510031,6131,0.833958571195563,0.853377837863522,0.993607670795046,0.712811693895099,0.9712339137017412,0.830106809078772,0.833873181253899,0.712069087054652,0.006056018168054,2626,16,1002,2487,0.853377837863522
rf_selected_knn,22,unsw-nb15,65120,12.00075594000009,0.2900667879998764,56.90751916489969,43.09248083510031,6131,0.823030500733975,0.834220082625854,0.921458625525947,0.753224419604471,0.8853141559424679,0.828891342059612,0.822822634380591,0.663642148023694,0.084784254352763,2418,224,861,2628,0.834220082625854
rf_selected_knn,22,POOLED_ALL_ROWS,65120,12.00075594000009,1.034928336000121,56.90751916489969,43.09248083510031,24524,0.891942586853694,0.896019464982299,0.93889751552795,0.866509028374893,0.9326267978803936,0.901252049485765,0.890973584620426,0.785442471221862,0.074470098410295,9781,787,1863,12093,0.896019464982299
rf_selected_knn,33,cic2017,65120,12.081379906000166,0.2368151629998465,56.90751916489969,43.09248083510031,6131,0.938019898874572,0.944716161032977,0.994276629570747,0.896245342505016,0.9700984102952308,0.942719324690986,0.93759988977975,0.881200170453737,0.006813020439061,2624,18,362,3127,0.944716161032977
rf_selected_knn,33,cic2018,65120,12.081379906000166,0.2533352939999531,56.90751916489969,43.09248083510031,6131,0.935247104876855,0.924867524602574,0.897838394235718,1.0,0.9114307342922028,0.946169491525424,0.932466779730381,0.87345563831494,0.150264950794852,2245,397,0,3489,0.924867524602574
rf_selected_knn,33,darpa,65120,12.081379906000166,0.2325040849996185,56.90751916489969,43.09248083510031,6131,0.847170119067036,0.865031691469394,0.99419054996127,0.735740899971339,0.9716124148372444,0.845659693625432,0.847155480797533,0.732228012119878,0.005677517032551,2627,15,922,2567,0.865031691469394
rf_selected_knn,33,unsw-nb15,65120,12.081379906000166,0.2699574739999661,56.90751916489969,43.09248083510031,6131,0.877670853041918,0.876347400036754,0.89776357827476,0.885927199770708,0.882664647993944,0.891806116560877,0.875546585484941,0.751194956761438,0.133232399697199,2290,352,398,3091,0.876347400036754
rf_selected_knn,33,POOLED_ALL_ROWS,65120,12.081379906000166,0.9926120159993844,56.90751916489969,43.09248083510031,24524,0.899526993965095,0.902740694285425,0.940104166666667,0.879478360561766,0.9339515518546556,0.90878128239301,0.898482127854701,0.799435592308375,0.073996971990916,9786,782,1682,12274,0.902740694285425
rf_selected_knn,44,cic2017,65120,11.970940808999783,0.2391073199996753,56.90751916489969,43.09248083510031,6131,0.931169466644919,0.93883507352729,0.995156603164353,0.883347664087131,0.9716124148372444,0.935924688733678,0.930788278123005,0.86930029506642,0.005677517032551,2627,15,407,3082,0.93883507352729
rf_selected_knn,44,cic2018,65120,11.970940808999783,0.2717739290001191,56.90751916489969,43.09248083510031,6131,0.930190833469255,0.919000757002271,0.890732703599694,1.0,0.9061317183951552,0.942209019713746,0.927035317105637,0.863964903332249,0.161998485995458,2214,428,0,3489,0.919000757002271
rf_selected_knn,44,darpa,65120,11.970940808999783,0.2227003430002696,56.90751916489969,43.09248083510031,6131,0.842276953188713,0.860594636240773,0.992963252541048,0.728002292920608,0.967448902346707,0.840085993054407,0.842247340855442,0.724268123194041,0.006813020439061,2624,18,949,2540,0.860594636240773
rf_selected_knn,44,unsw-nb15,65120,11.970940808999783,0.2892758759999196,56.90751916489969,43.09248083510031,6131,0.878975697276138,0.87602368338776,0.890753911806543,0.897391802808828,0.882664647993944,0.894060536836094,0.876471120453041,0.752974990742669,0.145344436033308,2258,384,358,3131,0.87602368338776
rf_selected_knn,44,POOLED_ALL_ROWS,65120,11.970940808999783,1.0228574679999838,56.90751916489969,43.09248083510031,24524,0.895653237644756,0.898613537539523,0.935432108198976,0.877185439954142,0.9319644208932628,0.90537292460156,0.894540586363493,0.791375881949956,0.079958364875095,9723,845,1714,12242,0.898613537539523
rf_selected_knn,55,cic2017,65120,11.9130035459998,0.2372533800003111,56.90751916489969,43.09248083510031,6131,0.926439406295873,0.934679154925971,0.995110821382008,0.875035826884494,0.9727479182437548,0.931218545066341,0.926082541595397,0.861022548740523,0.005677517032551,2627,15,436,3053,0.934679154925971
rf_selected_knn,55,cic2018,65120,11.9130035459998,0.2376909149998027,56.90751916489969,43.09248083510031,6131,0.938346109933127,0.928463285389856,0.902249806051203,1.0,0.910673732021196,0.948613376835236,0.935782432404573,0.879296214188437,0.143073429220288,2264,378,0,3489,0.928463285389856
rf_selected_knn,55,darpa,65120,11.9130035459998,0.2546899049998501,56.90751916489969,43.09248083510031,6131,0.818626651443484,0.839906929293731,0.993358239933582,0.685869876755517,0.9700984102952308,0.811461512377077,0.818364319984893,0.68928736983762,0.006056018168054,2626,16,1096,2393,0.839906929293731
rf_selected_knn,55,unsw-nb15,65120,11.9130035459998,0.2488554739998107,56.90751916489969,43.09248083510031,6131,0.889577556679171,0.882352376420844,0.878975741239892,0.934651762682717,0.8758516275548827,0.905959160994583,0.886121986185618,0.774687112631892,0.16994700984103,2193,449,228,3261,0.882352376420844
rf_selected_knn,55,POOLED_ALL_ROWS,65120,11.9130035459998,0.9784896739997748,56.90751916489969,43.09248083510031,24524,0.893247431087914,0.896350436507601,0.934273019764057,0.873889366580682,0.932342922028766,0.903072935949648,0.892139063491659,0.786742671309695,0.081188493565481,9710,858,1760,12196,0.896350436507601
ckan,11,cic2017,65120,138.09488214799967,0.3028501099997811,56.90751916489969,43.09248083510031,6131,0.945685858750612,0.947638343846531,0.969922572960095,0.933505302378905,0.9670704012112036,0.951365561559807,0.944934858342231,0.890756267143729,0.038228614685844,2541,101,232,3257,0.947638343846531
ckan,11,cic2018,65120,138.09488214799967,0.3129685730000346,56.90751916489969,43.09248083510031,6131,0.90882400913391,0.89926266590207,0.882706374085684,0.96847234164517,0.8546555639666918,0.923602569359027,0.905279545549079,0.816530958933328,0.16994700984103,2193,449,110,3379,0.89926266590207
ckan,11,darpa,65120,138.09488214799967,0.3035852140001225,56.90751916489969,43.09248083510031,6131,0.85777197847007,0.874530453556967,0.995831754452444,0.753224419604471,0.9799394398183194,0.857702349869452,0.857771944416304,0.749164536673242,0.004163512490537,2631,11,861,2628,0.874530453556967
ckan,11,unsw-nb15,65120,138.09488214799967,0.2866793540001708,56.90751916489969,43.09248083510031,6131,0.831675093785679,0.844663849984671,0.941747572815534,0.750644883920894,0.9114307342922028,0.835406698564593,0.831588529522617,0.685677224203408,0.061317183951552,2480,162,870,2619,0.844663849984671
ckan,11,POOLED_ALL_ROWS,65120,138.09488214799967,1.2060832510001092,56.90751916489969,43.09248083510031,24524,0.885989235035068,0.89152382832256,0.942646358876725,0.85146173688736,0.9282740348221044,0.894736842105263,0.885196402908008,0.775844587955856,0.068414080242241,9845,723,2073,11883,0.89152382832256
ckan,22,cic2017,65120,135.42349635399978,0.3198074450001513,56.90751916489969,43.09248083510031,6131,0.941771326047953,0.944750279292397,0.973111782477341,0.923187159644597,0.959121877365632,0.947492278276217,0.941071784387971,0.883786933849953,0.033686601059803,2553,89,268,3221,0.944750279292397
ckan,22,cic2018,65120,135.42349635399978,0.3175194599998576,56.90751916489969,43.09248083510031,6131,0.902625999021367,0.889911821928071,0.865151515151515,0.981943250214961,0.8183194549583649,0.919855014095852,0.89790797660953,0.807487457582411,0.202119606358819,2108,534,63,3426,0.889911821928071
ckan,22,darpa,65120,135.42349635399978,0.4249827760004336,56.90751916489969,43.09248083510031,6131,0.853857445767412,0.87081541446688,0.993528740007613,0.748065348237317,0.9682059046177138,0.853499018966645,0.853856570986739,0.742151519493449,0.006434519303558,2625,17,879,2610,0.87081541446688
ckan,22,unsw-nb15,65120,135.42349635399978,0.3914281220004341,56.90751916489969,43.09248083510031,6131,0.850595335181863,0.853982582655687,0.900155520995334,0.829464029807968,0.8641180923542771,0.863365155131265,0.849278835212268,0.702011993880745,0.121498864496594,2321,321,595,2894,0.853982582655687
ckan,22,POOLED_ALL_ROWS,65120,135.42349635399978,1.4537378030008767,56.90751916489969,43.09248083510031,24524,0.887212526504649,0.889865024585759,0.926708358755339,0.870664946976211,0.9024413323239968,0.89781291561992,0.885985620685301,0.774115569351088,0.090934897804693,9607,961,1805,12151,0.889865024585759
ckan,33,cic2017,65120,134.84506791900003,0.43080732099952,56.90751916489969,43.09248083510031,6131,0.942097537106508,0.944163976802621,0.967761194029851,0.92920607623961,0.9651778955336866,0.948091826290393,0.94131495242235,0.883623631311242,0.040878122634368,2534,108,247,3242,0.944163976802621
ckan,33,cic2018,65120,134.84506791900003,0.4070199690004301,56.90751916489969,43.09248083510031,6131,0.916326863480672,0.909714027150107,0.901511063140853,0.957580968758957,0.882664647993944,0.928700486448923,0.913728573597463,0.829887342927709,0.138152914458743,2277,365,148,3341,0.909714027150107
ckan,33,darpa,65120,134.84506791900003,0.4414506140001322,56.90751916489969,43.09248083510031,6131,0.854836078943076,0.871813088784064,0.994670727065093,0.748925193465176,0.9742619227857684,0.854480052321779,0.85483521002031,0.744148269039373,0.005299015897048,2628,14,876,2613,0.871813088784064
ckan,33,unsw-nb15,65120,134.84506791900003,0.423198883000623,56.90751916489969,43.09248083510031,6131,0.843908008481488,0.853528251112125,0.930905377808033,0.783892232731442,0.9057532172596516,0.851096934806286,0.843543326014968,0.700883210763725,0.076835730507192,2439,203,754,2735,0.853528251112125
ckan,33,POOLED_ALL_ROWS,65120,134.84506791900003,1.7024767870007054,56.90751916489969,43.09248083510031,24524,0.889292122002936,0.894804835962229,0.945329213216068,0.854901117798796,0.9319644208932628,0.897844000451518,0.888510803572295,0.782373698117344,0.065291445874338,9878,690,2025,11931,0.894804835962229
ckan,44,cic2017,65120,135.04865359499945,0.3011895689996891,56.90751916489969,43.09248083510031,6131,0.934105366171913,0.939898489228285,0.984910405532851,0.897965032960734,0.9750189250567752,0.939430284857571,0.933592109524637,0.871979981935183,0.018168054504163,2594,48,356,3133,0.939898489228285
ckan,44,cic2018,65120,135.04865359499945,0.3065890650004803,56.90751916489969,43.09248083510031,6131,0.892350350676888,0.894160982640586,0.926182585115999,0.881054743479507,0.9057532172596516,0.903055229142186,0.891021563966032,0.783446301380954,0.092732778198335,2397,245,415,3074,0.894160982640586
ckan,44,darpa,65120,135.04865359499945,0.3054465459999846,56.90751916489969,43.09248083510031,6131,0.818626651443484,0.838620524460026,0.982150101419878,0.693895098882201,0.9356548069644208,0.813234800134363,0.818475358215565,0.68399900967025,0.01665404996215,2598,44,1068,2421,0.838620524460026
ckan,44,unsw-nb15,65120,135.04865359499945,0.3029500889997507,56.90751916489969,43.09248083510031,6131,0.841950742130158,0.843125328028893,0.88135593220339,0.834623101175122,0.8478425435276306,0.857353157662299,0.840086342956218,0.681736804221708,0.148372445117335,2250,392,577,2912,0.843125328028893
ckan,44,POOLED_ALL_ROWS,65120,135.04865359499945,1.2161752689999048,56.90751916489969,43.09248083510031,24524,0.871758277605611,0.878951331089448,0.940581954519521,0.826884494124391,0.9160673732021196,0.880076263107722,0.871138337486473,0.750635455849746,0.068981831945496,9839,729,2416,11540,0.878951331089448
ckan,55,cic2017,65120,132.3227799060005,0.3139299529993877,56.90751916489969,43.09248083510031,6131,0.938672320991682,0.939454626403432,0.957390537760799,0.933791917454858,0.9265707797123393,0.945443993035403,0.937712685530737,0.875805706086077,0.054882664647994,2497,145,231,3258,0.939454626403432
ckan,55,cic2018,65120,132.3227799060005,0.3043263670006126,56.90751916489969,43.09248083510031,6131,0.886967868210732,0.870181704411551,0.838991270611057,0.991688162797363,0.7619227857683573,0.908971496125049,0.879953590609309,0.781319787314457,0.251324753974262,1978,664,29,3460,0.870181704411551
ckan,55,darpa,65120,132.3227799060005,0.3033673800000542,56.90751916489969,43.09248083510031,6131,0.867884521285272,0.882864204554207,0.991559633027523,0.774433935224993,0.9568508705526116,0.86964917927261,0.867860303922019,0.763108122670036,0.008705526116578,2619,23,787,2702,0.882864204554207
ckan,55,unsw-nb15,65120,132.3227799060005,0.2893171309997342,56.90751916489969,43.09248083510031,6131,0.852715707062469,0.847208291051643,0.858768035516093,0.88707366007452,0.7975018925056775,0.872691385873396,0.848998043488062,0.698621524562007,0.192657077971234,2133,509,394,3095,0.847208291051643
ckan,55,POOLED_ALL_ROWS,65120,132.3227799060005,1.2109408309997889,56.90751916489969,43.09248083510031,24524,0.886560104387539,0.884927206605208,0.903218822170901,0.896746918887933,0.8607115821347464,0.89997123543794,0.884483639945378,0.768997708318078,0.126892505677517,9227,1341,1441,12515,0.884927206605208
