model,seed,test_source,n_train_raw,fit_seconds,prediction_seconds,test_attack_pct,test_normal_pct,n_test,accuracy,balanced_accuracy,precision,recall,f1,macro_f1,mcc,false_positive_rate,tn,fp,fn,tp,roc_auc
xiao_ae_cnn,11,cic2017,65120,105.41035309799986,3.863558798999975,80.50299953853253,19.49700046146746,4334,0.977157360406091,0.977741201849939,0.994746059544658,0.976784178847807,0.985683297180043,0.964604341117118,0.930175569963514,0.021301775147929,827,18,81,3408,0.977741201849939
xiao_ae_cnn,11,cic2018,65120,105.41035309799986,0.2146821869998803,80.50299953853253,19.49700046146746,4334,0.984310106137517,0.98397736928063,0.995940852420992,0.984522785898538,0.990198904583453,0.975446273100975,0.951295969907833,0.016568047337278,831,14,54,3435,0.98397736928063
xiao_ae_cnn,11,darpa,65120,105.41035309799986,0.2107858599999872,80.50299953853253,19.49700046146746,4334,0.968850946008306,0.967201229222527,0.991212653778559,0.969905417024935,0.980443285528031,0.951978016701693,0.905288783586905,0.035502958579882,815,30,105,3384,0.967201229222527
xiao_ae_cnn,11,unsw-nb15,65120,105.41035309799986,0.2088838550000673,80.50299953853253,19.49700046146746,4334,0.898015689893862,0.914237646296645,0.984111852557992,0.887646890226426,0.9333936106088,0.857936962784715,0.736011617316751,0.059171597633136,795,50,392,3097,0.914237646296645
xiao_ae_cnn,11,POOLED_ALL_ROWS,65120,105.41035309799986,4.49791070099991,80.50299953853253,19.49700046146746,17336,0.957083525611444,0.960789361662435,0.991664185769574,0.954714817999427,0.972838785046729,0.935320491424463,0.874387557472396,0.033136094674556,3268,112,632,13324,0.960789361662435
xiao_ae_cnn,22,cic2017,65120,84.53317005600002,1.618102312000019,80.50299953853253,19.49700046146746,4334,0.976465159206276,0.97551764548259,0.993587875255028,0.97707079392376,0.985260115606936,0.96345385643047,0.927729225472308,0.02603550295858,823,22,80,3409,0.97551764548259
xiao_ae_cnn,22,cic2018,65120,84.53317005600002,0.210359525000058,80.50299953853253,19.49700046146746,4334,0.985694508537148,0.986182439823554,0.996810669759351,0.985382631126397,0.991063707120208,0.977612778415595,0.955630211246356,0.01301775147929,834,11,51,3438,0.986182439823554
xiao_ae_cnn,22,darpa,65120,84.53317005600002,0.2074923029999809,80.50299953853253,19.49700046146746,4334,0.967235809875404,0.965749668018337,0.990906424171311,0.968185726569218,0.979414322992172,0.949594167145803,0.900693486079282,0.036686390532544,814,31,111,3378,0.965749668018337
xiao_ae_cnn,22,unsw-nb15,65120,84.53317005600002,0.2079949490000672,80.50299953853253,19.49700046146746,4334,0.894323950161514,0.913289951004085,0.98496,0.882201203783319,0.930752948291503,0.853886698099013,0.730172578870418,0.055621301775148,798,47,411,3078,0.913289951004085
xiao_ae_cnn,22,POOLED_ALL_ROWS,65120,84.53317005600002,2.243949089000125,80.50299953853253,19.49700046146746,17336,0.955929856945085,0.960184926082142,0.991725063366632,0.953210088850674,0.972086225794666,0.933728678495799,0.87150176148043,0.032840236686391,3269,111,653,13303,0.960184926082142
xiao_ae_cnn,33,cic2017,65120,84.44333255099991,1.6309190459999172,80.50299953853253,19.49700046146746,4334,0.98084910013844,0.981379347772628,0.995634458672875,0.980510174835196,0.988014440433213,0.970197696407083,0.941090833114274,0.017751479289941,830,15,68,3421,0.981379347772628
xiao_ae_cnn,33,cic2018,65120,84.44333255099991,0.2086983529998178,80.50299953853253,19.49700046146746,4334,0.987309644670051,0.98539195883597,0.99566974595843,0.98853539696188,0.992089745433626,0.980009887294072,0.960180417081972,0.017751479289941,830,15,40,3449,0.98539195883597
xiao_ae_cnn,33,darpa,65120,84.44333255099991,0.2087852560000556,80.50299953853253,19.49700046146746,4334,0.969773880941394,0.964635600305949,0.989219114219114,0.973058182860418,0.9810720994076,0.953043204826868,0.906868691773384,0.043786982248521,808,37,94,3395,0.964635600305949
xiao_ae_cnn,33,unsw-nb15,65120,84.44333255099991,0.2076998269999421,80.50299953853253,19.49700046146746,4334,0.887863405629903,0.90434484711884,0.981404296248798,0.877328747492118,0.926452784503632,0.845265227203272,0.713288006104894,0.068639053254438,787,58,428,3061,0.90434484711884
xiao_ae_cnn,33,POOLED_ALL_ROWS,65120,84.44333255099991,2.256102481999733,80.50299953853253,19.49700046146746,17336,0.956449007844947,0.958937938508347,0.99070701063118,0.954858125537403,0.972452293209764,0.934264687554641,0.872067273457824,0.03698224852071,3255,125,630,13326,0.958937938508347
xiao_ae_cnn,44,cic2017,65120,85.04298923199985,1.6753199019999556,80.50299953853253,19.49700046146746,4334,0.980156898938625,0.97467170702173,0.991620918809593,0.983662940670679,0.987625899280576,0.96878384603144,0.937765518114271,0.034319526627219,816,29,57,3432,0.97467170702173
xiao_ae_cnn,44,cic2018,65120,85.04298923199985,0.2120975000000271,80.50299953853253,19.49700046146746,4334,0.988694047069682,0.9835613534337,0.993968983342906,0.991974777873316,0.992970879357338,0.982048197486565,0.96410922533174,0.024852071005917,824,21,28,3461,0.9835613534337
xiao_ae_cnn,44,darpa,65120,85.04298923199985,0.2079038260001198,80.50299953853253,19.49700046146746,4334,0.970696815874481,0.961621562951016,0.986964078794902,0.976497563771854,0.981702924650627,0.954082498804757,0.908500636397406,0.053254437869823,800,45,82,3407,0.961621562951016
xiao_ae_cnn,44,unsw-nb15,65120,85.04298923199985,0.2110579210000196,80.50299953853253,19.49700046146746,4334,0.904476234425473,0.913766172976438,0.981220657276995,0.89853826311264,0.938061041292639,0.864695843226965,0.744846058688078,0.071005917159763,785,60,354,3135,0.913766172976438
xiao_ae_cnn,44,POOLED_ALL_ROWS,65120,85.04298923199985,2.306379149000122,80.50299953853253,19.49700046146746,17336,0.961005999077065,0.958405199095721,0.98859455481972,0.962668386357122,0.975459231830393,0.940297676538267,0.882520385312809,0.04585798816568,3225,155,521,13435,0.958405199095721
xiao_ae_cnn,55,cic2017,65120,85.48537757200006,1.6402666789999785,80.50299953853253,19.49700046146746,4334,0.975542224273189,0.974944415330684,0.993580391012547,0.975924333619948,0.984673221515327,0.962085469205152,0.925104778977687,0.02603550295858,823,22,84,3405,0.974944415330684
xiao_ae_cnn,55,cic2018,65120,85.48537757200006,0.209533022999949,80.50299953853253,19.49700046146746,4334,0.984310106137517,0.984425777718985,0.996228604583696,0.984236170822585,0.990196078431373,0.975467554227234,0.95137914787481,0.015384615384615,832,13,55,3434,0.984425777718985
xiao_ae_cnn,55,darpa,65120,85.48537757200006,0.2124748289998024,80.50299953853253,19.49700046146746,4334,0.968850946008306,0.968098046099237,0.991788856304985,0.969332186873029,0.980431946658936,0.952058822396738,0.905591813966287,0.033136094674556,817,28,107,3382,0.968098046099237
xiao_ae_cnn,55,unsw-nb15,65120,85.48537757200006,0.2120736709998709,80.50299953853253,19.49700046146746,4334,0.904476234425473,0.917801848921632,0.983947119924457,0.895958727429063,0.937893789378938,0.865550291292866,0.748348522468751,0.060355029585799,794,51,363,3126,0.917801848921632
xiao_ae_cnn,55,POOLED_ALL_ROWS,65120,85.48537757200006,2.274348201999601,80.50299953853253,19.49700046146746,17336,0.958294877711121,0.961317522017634,0.991531089815021,0.956362854686156,0.973629499945289,0.936987044941632,0.877393193896788,0.033727810650888,3266,114,609,13347,0.961317522017634
jia_dnn,11,cic2017,65120,32.85929890899979,3.6398891869998806,80.50299953853253,19.49700046146746,4334,0.980156898938625,0.977362157651859,0.993331400405915,0.981943250214961,0.987604496973191,0.968946757157116,0.938293245892264,0.027218934911243,822,23,63,3426,0.977362157651859
jia_dnn,11,cic2018,65120,32.85929890899979,0.1314623049997862,80.50299953853253,19.49700046146746,4334,0.989616982002769,0.986825034215735,0.995682210708117,0.99140154772141,0.993537268418785,0.983572153270976,0.96720293388776,0.017751479289941,830,15,30,3459,0.986825034215735
jia_dnn,11,darpa,65120,32.85929890899979,0.1191052829999534,80.50299953853253,19.49700046146746,4334,0.970004614674665,0.970159809104184,0.992666471105896,0.969905417024935,0.98115395766889,0.953853814992637,0.90922207047015,0.029585798816568,820,25,105,3384,0.970159809104184
jia_dnn,11,unsw-nb15,65120,32.85929890899979,0.1141479259999869,80.50299953853253,19.49700046146746,4334,0.891093677895708,0.902315476705317,0.978736908917804,0.883920894239037,0.928915662650602,0.8480870226468,0.715581329597587,0.079289940828402,778,67,405,3084,0.902315476705317
jia_dnn,11,POOLED_ALL_ROWS,65120,32.85929890899979,4.004604700999607,80.50299953853253,19.49700046146746,17336,0.957718043377942,0.959165619419274,0.990358228880813,0.956792777300086,0.973286198476621,0.935972561425508,0.875075282169214,0.038461538461538,3250,130,603,13353,0.959165619419274
jia_dnn,22,cic2017,65120,24.780627530999936,0.99806222899997,80.50299953853253,19.49700046146746,4334,0.98338717120443,0.98026528006024,0.993928881179532,0.985382631126397,0.989637305699482,0.973888420291601,0.948005197859916,0.024852071005917,824,21,51,3438,0.98026528006024
jia_dnn,22,cic2018,65120,24.780627530999936,0.1158923200000572,80.50299953853253,19.49700046146746,4334,0.99238578680203,0.986751090918033,0.994562106468231,0.995987388936658,0.995274237433768,0.987844833850415,0.975696338137211,0.022485207100592,826,19,14,3475,0.986751090918033
jia_dnn,22,darpa,65120,24.780627530999936,0.1174281369999334,80.50299953853253,19.49700046146746,4334,0.96931241347485,0.968833069613545,0.99208211143695,0.969618801948983,0.98072184374547,0.952769062064934,0.907013805113605,0.031952662721893,818,27,106,3383,0.968833069613545
jia_dnn,22,unsw-nb15,65120,24.780627530999936,0.1162447550000251,80.50299953853253,19.49700046146746,4334,0.862482694970005,0.895755552955103,0.985891837420222,0.841215247922041,0.907825549025673,0.81858125770993,0.676170953957631,0.049704142011834,803,42,554,2935,0.895755552955103
jia_dnn,22,POOLED_ALL_ROWS,65120,24.780627530999936,1.347627440999986,80.50299953853253,19.49700046146746,17336,0.951892016612829,0.95790124838673,0.991829085457271,0.94805101748352,0.969446072684642,0.92818832918397,0.861489521083234,0.032248520710059,3271,109,725,13231,0.95790124838673
jia_dnn,33,cic2017,65120,24.70527247500013,1.0055881469997985,80.50299953853253,19.49700046146746,4334,0.975542224273189,0.974944415330684,0.993580391012547,0.975924333619948,0.984673221515327,0.962085469205152,0.925104778977687,0.02603550295858,823,22,84,3405,0.974944415330684
jia_dnn,33,cic2018,65120,24.70527247500013,0.1208565980000457,80.50299953853253,19.49700046146746,4334,0.985002307337333,0.985752517209624,0.996807893209518,0.984522785898538,0.990627253064167,0.976560020069302,0.953585799890116,0.01301775147929,834,11,54,3435,0.985752517209624
jia_dnn,33,darpa,65120,24.70527247500013,0.1196245529999942,80.50299953853253,19.49700046146746,4334,0.958467928011075,0.962097615328649,0.991971454058876,0.956147893379192,0.973730297723292,0.937305677496007,0.878151633625699,0.031952662721893,818,27,153,3336,0.962097615328649
jia_dnn,33,unsw-nb15,65120,24.70527247500013,0.1152058759998908,80.50299953853253,19.49700046146746,4334,0.903091832025842,0.897212032406159,0.970849953973612,0.906850100315277,0.937759336099585,0.859504668049793,0.728760488425194,0.112426035502959,750,95,325,3164,0.897212032406159
jia_dnn,33,POOLED_ALL_ROWS,65120,24.70527247500013,1.3612751739997293,80.50299953853253,19.49700046146746,17336,0.95552607291186,0.955001645068779,0.988514264542423,0.955861278303239,0.971913591490292,0.932570838121548,0.868106873760412,0.04585798816568,3225,155,616,13340,0.955001645068779
jia_dnn,44,cic2017,65120,24.48705092199998,0.9935794709999756,80.50299953853253,19.49700046146746,4334,0.981541301338256,0.979567228194783,0.994201217744274,0.98280309544282,0.988469299509945,0.971113262471736,0.942627487230787,0.023668639053254,825,20,60,3429,0.979567228194783
jia_dnn,44,cic2018,65120,24.48705092199998,0.1165311039999323,80.50299953853253,19.49700046146746,4334,0.991924319335487,0.989154926472209,0.996264367816092,0.993694468329034,0.99497775864543,0.987188702748259,0.974398730305343,0.015384615384615,832,13,22,3467,0.989154926472209
jia_dnn,44,darpa,65120,24.48705092199998,0.1184647279997079,80.50299953853253,19.49700046146746,4334,0.970004614674665,0.973747076611023,0.994989684644857,0.967612496417312,0.981110142400465,0.954160894268542,0.910476280978291,0.020118343195266,828,17,113,3376,0.973747076611023
jia_dnn,44,unsw-nb15,65120,24.48705092199998,0.1165768870000647,80.50299953853253,19.49700046146746,4334,0.886248269497,0.897960793092746,0.977678571428571,0.878761822871883,0.925584905660377,0.842136554641251,0.705070730953831,0.082840236686391,775,70,423,3066,0.897960793092746
jia_dnn,44,POOLED_ALL_ROWS,65120,24.48705092199998,1.3451521899996806,80.50299953853253,19.49700046146746,17336,0.957429626211352,0.96010750609269,0.991083370485956,0.955717970765262,0.973079448456993,0.935699272313368,0.874850773508046,0.035502958579882,3260,120,618,13338,0.96010750609269
jia_dnn,55,cic2017,65120,24.56405040499976,0.9891580030002842,80.50299953853253,19.49700046146746,4334,0.975772958006461,0.974190905991951,0.993006993006993,0.976784178847807,0.984828781967924,0.962362874097871,0.925518591955922,0.028402366863905,821,24,81,3408,0.974190905991951
jia_dnn,55,cic2018,65120,24.56405040499976,0.1157318280002073,80.50299953853253,19.49700046146746,4334,0.984540839870789,0.981430226188477,0.99422299248989,0.986529091430209,0.990361099122428,0.975669774954342,0.951525462238127,0.023668639053254,825,20,47,3442,0.981430226188477
jia_dnn,55,darpa,65120,24.56405040499976,0.1158928049999303,80.50299953853253,19.49700046146746,4334,0.965159206275958,0.966701942368322,0.992330383480826,0.964173115505876,0.978049135048699,0.946822219844081,0.895906313282662,0.030769230769231,819,26,125,3364,0.966701942368322
jia_dnn,55,unsw-nb15,65120,24.56405040499976,0.1174837550001939,80.50299953853253,19.49700046146746,4334,0.893631748961698,0.897165733047736,0.974310776942356,0.891372886213815,0.930998353539889,0.849495150599839,0.714358328867897,0.097041420118343,763,82,379,3110,0.897165733047736
jia_dnn,55,POOLED_ALL_ROWS,65120,24.56405040499976,1.3382663910006158,80.50299953853253,19.49700046146746,17336,0.954776188278726,0.954872201899122,0.988720688631641,0.954714817999427,0.971420239136775,0.931566473159547,0.866331428300464,0.044970414201183,3228,152,632,13324,0.954872201899122
anuja_ae_cnn_lstm,11,cic2017,65120,61.68402182699992,1.3648319149997403,80.50299953853253,19.49700046146746,4334,0.970235348407937,0.978374468532548,0.99792531120332,0.965032960733735,0.981203555296518,0.954867705626098,0.912785372734891,0.008284023668639,838,7,122,3367,0.978374468532548
anuja_ae_cnn_lstm,11,cic2018,65120,61.68402182699992,0.1963601460001882,80.50299953853253,19.49700046146746,4334,0.980387632671897,0.980195915819965,0.995055264688773,0.980510174835196,0.987729175689332,0.969453329946906,0.939550992845832,0.020118343195266,828,17,68,3421,0.980195915819965
anuja_ae_cnn_lstm,11,darpa,65120,61.68402182699992,0.1988529619998189,80.50299953853253,19.49700046146746,4334,0.934702353484079,0.957650332999232,0.998755444928438,0.920034393809114,0.957780098463375,0.906879871114639,0.828343883994126,0.004733727810651,841,4,279,3210,0.957650332999232
anuja_ae_cnn_lstm,11,unsw-nb15,65120,61.68402182699992,0.1953829570002199,80.50299953853253,19.49700046146746,4334,0.878864790032303,0.884855191548756,0.971674092934437,0.875035826884494,0.920826421354245,0.831547231295679,0.682912349218925,0.105325443786982,756,89,436,3053,0.884855191548756
anuja_ae_cnn_lstm,11,POOLED_ALL_ROWS,65120,61.68402182699992,1.955427979999968,80.50299953853253,19.49700046146746,17336,0.941047531149054,0.950268977225125,0.99111482381531,0.935153339065635,0.962321191564666,0.913460542788162,0.83486660211356,0.034615384615385,3263,117,905,13051,0.950268977225125
anuja_ae_cnn_lstm,22,cic2017,65120,37.87810195800012,0.4197572160001073,80.50299953853253,19.49700046146746,4334,0.973234886940471,0.979340649649532,0.997345915659098,0.969332186873029,0.983139534883721,0.959131288694657,0.920520264846821,0.010650887573964,836,9,107,3382,0.979340649649532
anuja_ae_cnn_lstm,22,cic2018,65120,37.87810195800012,0.194859623999946,80.50299953853253,19.49700046146746,4334,0.985002307337333,0.981268432826076,0.993941142527409,0.987388936658068,0.990654205607477,0.976354540048338,0.952844583667572,0.024852071005917,824,21,44,3445,0.981268432826076
anuja_ae_cnn_lstm,22,darpa,65120,37.87810195800012,0.1974726259995805,80.50299953853253,19.49700046146746,4334,0.946008306414398,0.960188317976531,0.995735607675906,0.936944683290341,0.965445953927939,0.921014116204476,0.85076110225302,0.016568047337278,831,14,220,3269,0.960188317976531
anuja_ae_cnn_lstm,22,unsw-nb15,65120,37.87810195800012,0.193761773999995,80.50299953853253,19.49700046146746,4334,0.848869404706968,0.87070929599536,0.973596256684492,0.834909716251075,0.898935349483104,0.799719160795507,0.635309367540727,0.093491124260355,766,79,576,2913,0.87070929599536
anuja_ae_cnn_lstm,22,POOLED_ALL_ROWS,65120,37.87810195800012,1.0058512399996289,80.50299953853253,19.49700046146746,17336,0.938278726349792,0.947876674111875,0.99063356685958,0.932143880768128,0.960499113998819,0.909706308054262,0.828000273054013,0.036390532544379,3257,123,947,13009,0.947876674111875
anuja_ae_cnn_lstm,33,cic2017,65120,38.25876608700037,0.4219447589998708,80.50299953853253,19.49700046146746,4334,0.976003691739732,0.981508748543605,0.99764775066157,0.972484952708512,0.984905660377358,0.963206485981705,0.928258381461301,0.009467455621302,837,8,96,3393,0.981508748543605
anuja_ae_cnn_lstm,33,cic2018,65120,38.25876608700037,0.1983636319996549,80.50299953853253,19.49700046146746,4334,0.993308721735118,0.992705222330198,0.997985031663788,0.993694468329034,0.99583512853655,0.989413165441296,0.978885437449399,0.008284023668639,838,7,22,3467,0.992705222330198
anuja_ae_cnn_lstm,33,darpa,65120,38.25876608700037,0.2031869679999545,80.50299953853253,19.49700046146746,4334,0.921550530687587,0.948584986457862,0.998101866497944,0.9042705646317,0.948872180451128,0.890194266637853,0.800004288577309,0.007100591715976,839,6,334,3155,0.948584986457862
anuja_ae_cnn_lstm,33,unsw-nb15,65120,38.25876608700037,0.1981088380002802,80.50299953853253,19.49700046146746,4334,0.877711121365944,0.890416371995842,0.975876487616597,0.869590140441387,0.919672628069112,0.831816990363058,0.687002711055168,0.088757396449704,770,75,455,3034,0.890416371995842
anuja_ae_cnn_lstm,33,POOLED_ALL_ROWS,65120,38.25876608700037,1.0216041969997605,80.50299953853253,19.49700046146746,17336,0.942143516382095,0.953303832331877,0.992696842906048,0.935010031527658,0.962990295561049,0.915255549312687,0.838917185680931,0.028402366863905,3284,96,907,13049,0.953303832331877
anuja_ae_cnn_lstm,44,cic2017,65120,38.2505024129996,0.4184177040001486,80.50299953853253,19.49700046146746,4334,0.994693124134749,0.991323025366282,0.996561604584527,0.996847234164517,0.996704398911019,0.9915434368741,0.983087140982505,0.014201183431953,833,12,11,3478,0.991323025366282
anuja_ae_cnn_lstm,44,cic2018,65120,38.2505024129996,0.1950676759997804,80.50299953853253,19.49700046146746,4334,0.995385325334564,0.988165680473373,0.994300370475919,1.0,0.997142040583024,0.992582996339416,0.985274902703102,0.023668639053254,825,20,0,3489,0.988165680473373
anuja_ae_cnn_lstm,44,darpa,65120,38.2505024129996,0.197118133999993,80.50299953853253,19.49700046146746,4334,0.943008767881864,0.959670545297902,0.996629901960784,0.932358842075093,0.963423663556938,0.91722097015967,0.844672873181909,0.01301775147929,834,11,236,3253,0.959670545297902
anuja_ae_cnn_lstm,44,unsw-nb15,65120,38.2505024129996,0.2042359979996035,80.50299953853253,19.49700046146746,4334,0.817720350715275,0.867057073710953,0.984212414782921,0.786185153339066,0.874123645634162,0.771928043552867,0.607056049876302,0.05207100591716,801,44,746,2743,0.867057073710953
anuja_ae_cnn_lstm,44,POOLED_ALL_ROWS,65120,38.2505024129996,1.0148395119995255,80.50299953853253,19.49700046146746,17336,0.937701892016613,0.951554081212127,0.993333333333333,0.928847807394669,0.960008886914019,0.909563535551974,0.829367969714611,0.025739644970414,3293,87,993,12963,0.951554081212127
anuja_ae_cnn_lstm,55,cic2017,65120,38.047156801000256,0.4218555639999977,80.50299953853253,19.49700046146746,4334,0.969543147208122,0.97166682778165,0.993821712268314,0.968185726569218,0.980836236933798,0.953339466781506,0.908579179678565,0.024852071005917,824,21,111,3378,0.97166682778165
anuja_ae_cnn_lstm,55,cic2018,65120,38.047156801000256,0.2035670130003382,80.50299953853253,19.49700046146746,4334,0.982694970004615,0.979386949007956,0.993637941006362,0.984809400974491,0.989203972937959,0.972812329292919,0.945867914723673,0.02603550295858,823,22,53,3436,0.979386949007956
anuja_ae_cnn_lstm,55,darpa,65120,38.047156801000256,0.1964047269998445,80.50299953853253,19.49700046146746,4334,0.93354868481772,0.95334652780251,0.996279069767442,0.920894239036973,0.957104557640751,0.904857294173497,0.823205941144009,0.014201183431953,833,12,276,3213,0.95334652780251
anuja_ae_cnn_lstm,55,unsw-nb15,65120,38.047156801000256,0.2003942569999708,80.50299953853253,19.49700046146746,4334,0.872865712967236,0.891442589643529,0.978501628664495,0.860991688162797,0.915993291660314,0.827366015199526,0.682392407423648,0.07810650887574,779,66,485,3004,0.891442589643529
anuja_ae_cnn_lstm,55,POOLED_ALL_ROWS,65120,38.047156801000256,1.0222215610001513,80.50299953853253,19.49700046146746,17336,0.939663128749423,0.948960723558911,0.990799878345499,0.93372026368587,0.9614136048399,0.911563492002181,0.831352940898523,0.035798816568047,3259,121,925,13031,0.948960723558911
smart_city_voting_ensemble,11,cic2017,65120,1.6045202710001831,0.0342311370000061,80.50299953853253,19.49700046146746,4334,0.993770189201661,0.99388865428286,0.998559907834101,0.993694468329034,0.996121246947278,0.990152011874342,0.980379887839356,0.005917159763314,840,5,22,3467,0.99388865428286
smart_city_voting_ensemble,11,cic2018,65120,1.6045202710001831,0.0305710400002681,80.50299953853253,19.49700046146746,4334,0.998615597600369,0.996898112580367,0.998568565702834,0.999713384924047,0.999140647378974,0.997790964258882,0.995586253009776,0.005917159763314,840,5,1,3488,0.996898112580367
smart_city_voting_ensemble,11,darpa,65120,1.6045202710001831,0.0310602200001994,80.50299953853253,19.49700046146746,4334,0.98084910013844,0.985863432156176,0.998536299765808,0.977644024075666,0.987979724837075,0.970450440977811,0.94219929939839,0.005917159763314,840,5,78,3411,0.985863432156176
smart_city_voting_ensemble,11,unsw-nb15,65120,1.6045202710001831,0.0321497680001812,80.50299953853253,19.49700046146746,4334,0.92455006922012,0.944618674752943,0.9940625,0.911722556606477,0.951113768874271,0.892939400859571,0.801521208279508,0.022485207100592,826,19,308,3181,0.944618674752943
smart_city_voting_ensemble,11,POOLED_ALL_ROWS,65120,1.6045202710001831,0.1280121650006549,80.50299953853253,19.49700046146746,17336,0.974446239040148,0.980317218443087,0.997496502466681,0.970693608483806,0.98391255401823,0.960912128445695,0.923902487606641,0.010059171597633,3346,34,409,13547,0.980317218443087
smart_city_voting_ensemble,22,cic2017,65120,1.4228478220002216,0.0329047280001759,80.50299953853253,19.49700046146746,4334,0.995385325334564,0.995340215487051,0.998849582973828,0.995414158784752,0.997128911857594,0.992689015270748,0.985416131048179,0.004733727810651,841,4,16,3473,0.995340215487051
smart_city_voting_ensemble,22,cic2018,65120,1.4228478220002216,0.0302297299999736,80.50299953853253,19.49700046146746,4334,0.999077065066913,0.997633136094675,0.998854852562267,1.0,0.99942709825265,0.998527309505922,0.997058947890189,0.004733727810651,841,4,0,3489,0.997633136094675
smart_city_voting_ensemble,22,darpa,65120,1.4228478220002216,0.0309936480002761,80.50299953853253,19.49700046146746,4334,0.981541301338256,0.985844946331751,0.99824612686349,0.978790484379478,0.988422575976845,0.971458159433246,0.944049134993531,0.007100591715976,839,6,74,3415,0.985844946331751
smart_city_voting_ensemble,22,unsw-nb15,65120,1.4228478220002216,0.0309280479996232,80.50299953853253,19.49700046146746,4334,0.920627595754499,0.942182446607342,0.994030788564248,0.906850100315277,0.948441247002398,0.88804827881182,0.793330866762078,0.022485207100592,826,19,325,3164,0.942182446607342
smart_city_voting_ensemble,22,POOLED_ALL_ROWS,65120,1.4228478220002216,0.125056154000049,80.50299953853253,19.49700046146746,17336,0.974157821873558,0.980250186130205,0.997568881685575,0.970263685869877,0.983726843443516,0.96049965807012,0.923151649454238,0.009763313609467,3347,33,415,13541,0.980250186130205
smart_city_voting_ensemble,33,cic2017,65120,1.4973079580004196,0.0323775199999545,80.50299953853253,19.49700046146746,4334,0.991924319335487,0.992742193979048,0.998556581986143,0.99140154772141,0.99496620163958,0.987279019187137,0.974720319766509,0.005917159763314,840,5,30,3459,0.992742193979048
smart_city_voting_ensemble,33,cic2018,65120,1.4973079580004196,0.030769889000112,80.50299953853253,19.49700046146746,4334,0.996769727734195,0.995751652276555,0.998565279770445,0.997420464316423,0.997992543733869,0.994864040461976,0.989732357239615,0.005917159763314,840,5,9,3480,0.995751652276555
smart_city_voting_ensemble,33,darpa,65120,1.4973079580004196,0.0308902540000417,80.50299953853253,19.49700046146746,4334,0.981310567604984,0.985701638793774,0.998245614035088,0.978503869303525,0.988276161528441,0.971113635056432,0.943392138358655,0.007100591715976,839,6,75,3414,0.985701638793774
smart_city_voting_ensemble,33,unsw-nb15,65120,1.4973079580004196,0.0308087290000003,80.50299953853253,19.49700046146746,4334,0.930779880018459,0.948936386716663,0.994418604651163,0.919174548581255,0.955317247542449,0.900893014764059,0.81519781905526,0.021301775147929,827,18,282,3207,0.948936386716663
smart_city_voting_ensemble,33,POOLED_ALL_ROWS,65120,1.4973079580004196,0.1248463920001086,80.50299953853253,19.49700046146746,17336,0.975196123673281,0.98078296794151,0.997498896572017,0.971625107480653,0.984392014519056,0.962007857863291,0.925960319078128,0.010059171597633,3346,34,396,13560,0.98078296794151
smart_city_voting_ensemble,44,cic2017,65120,1.424880519999988,0.0324287809999077,80.50299953853253,19.49700046146746,4334,0.993077988001846,0.993458731668931,0.998558662438743,0.992834623101175,0.995688416211555,0.989072278281216,0.978249127789063,0.005917159763314,840,5,25,3464,0.993458731668931
smart_city_voting_ensemble,44,cic2018,65120,1.424880519999988,0.0303307610001866,80.50299953853253,19.49700046146746,4334,0.998154130133826,0.996611497504414,0.998567745631624,0.999140154772141,0.998853868194842,0.997057265850976,0.994115609790798,0.005917159763314,840,5,3,3486,0.996611497504414
smart_city_voting_ensemble,44,darpa,65120,1.424880519999988,0.0306903069999862,80.50299953853253,19.49700046146746,4334,0.979464697738809,0.985003586928317,0.998533724340176,0.975924333619948,0.987099579649225,0.968394334765257,0.938297610354599,0.005917159763314,840,5,84,3405,0.985003586928317
smart_city_voting_ensemble,44,unsw-nb15,65120,1.424880519999988,0.0313824080003541,80.50299953853253,19.49700046146746,4334,0.928703276419013,0.94719821043652,0.994095711622126,0.916881627973631,0.953928731176383,0.898178032084877,0.810370782994193,0.022485207100592,826,19,290,3199,0.94719821043652
smart_city_voting_ensemble,44,POOLED_ALL_ROWS,65120,1.424880519999988,0.1248322570004347,80.50299953853253,19.49700046146746,17336,0.974850023073373,0.980568006634545,0.997497792169561,0.971195184866724,0.984170781295382,0.961501776730744,0.925009345853022,0.010059171597633,3346,34,402,13554,0.980568006634545
smart_city_voting_ensemble,55,cic2017,65120,2.609775421999984,0.0327751190002345,80.50299953853253,19.49700046146746,4334,0.99353945546839,0.994193755183239,0.998846929950995,0.993121238177128,0.995975855130785,0.989800793062468,0.97970626303793,0.004733727810651,841,4,24,3465,0.994193755183239
smart_city_voting_ensemble,55,cic2018,65120,2.609775421999984,0.0309529370001655,80.50299953853253,19.49700046146746,4334,0.99746192893401,0.996629983328839,0.998852553069421,0.997993694468329,0.9984229390681,0.995962798535822,0.991928008297085,0.004733727810651,841,4,7,3482,0.996629983328839
smart_city_voting_ensemble,55,darpa,65120,2.609775421999984,0.0309802369997669,80.50299953853253,19.49700046146746,4334,0.980618366405168,0.985271716179845,0.998244073748903,0.977644024075666,0.987836663770634,0.970081782509608,0.941427016013594,0.007100591715976,839,6,78,3411,0.985271716179845
smart_city_voting_ensemble,55,unsw-nb15,65120,2.609775421999984,0.0305068180000489,80.50299953853253,19.49700046146746,4334,0.928011075219197,0.94676828782259,0.994090202177294,0.916021782745772,0.95346062052506,0.897300575028314,0.808882876388776,0.022485207100592,826,19,293,3196,0.94676828782259
smart_city_voting_ensemble,55,POOLED_ALL_ROWS,65120,2.609775421999984,0.1252151110002159,80.50299953853253,19.49700046146746,17336,0.974907706506691,0.980715935628628,0.997571207772135,0.971195184866724,0.984206513451694,0.961594068901468,0.925204715151444,0.009763313609467,3347,33,402,13554,0.980715935628628
