,model,seed,test_source,n_train_raw,fit_seconds,prediction_seconds,test_attack_pct,test_normal_pct,n_test,accuracy,balanced_accuracy,precision,recall,specificity,f1,macro_f1,mcc,false_positive_rate,tn,fp,fn,tp,roc_auc
1,kwon_cnn,11,cic2017,191093,134.20730788000003,5.368003402999989,56.900473711364384,43.099526288635616,85284,0.9893297687725716,0.989366739801644,0.9921246821968208,0.9890988521853812,0.9896346274179068,0.9906094565867954,0.9891278664107446,0.9782619167632284,0.0103653725820932,36376,381,529,47998,0.9989391637389377
2,kwon_cnn,11,cic2018,191093,134.20730788000003,1.5412761360000786,56.89738755723135,43.10261244276865,18565,0.9972528952329652,0.9968587447003628,0.995475113122172,0.999715989775632,0.9940014996250938,0.9975910443531244,0.9971976777000912,0.9944075484067028,0.0059985003749062,7954,48,3,10560,0.9999258563660705
3,kwon_cnn,11,darpa,191093,134.20730788000003,1.2722852069999817,56.90093141405589,43.09906858594411,12991,0.9691324763297668,0.9717930338325722,0.9929488083486108,0.9525162337662336,0.9910698338989106,0.9723123662224676,0.968719884302642,0.9385080111157706,0.0089301661010894,5549,50,351,7041,0.9958873637376496
4,kwon_cnn,11,unsw-nb15,191093,134.20730788000003,0.9266316460000326,56.90751916489969,43.09248083510031,6131,0.9044201598434188,0.9100032458452204,0.958609794628752,0.8695901404413873,0.9504163512490538,0.9119326720769462,0.9037195457389012,0.8125718096604515,0.0495836487509462,2511,131,455,3034,0.9684744570857388
5,kwon_cnn,11,POOLED_ALL_ROWS,191093,134.20730788000003,11.515161374000058,56.90024879383101,43.09975120616899,145502,0.9509078913004632,0.9542545188306448,0.9827938323292148,0.930004469084804,0.9785045685764858,0.9556707108945915,0.9503345661904292,0.9024869513305246,0.0214954314235142,61363,1348,5795,76996,0.9810990777913292
7,kwon_cnn,22,cic2017,191093,132.9708013469999,5.222897460000013,56.900473711364384,43.099526288635616,85284,0.9880282350734018,0.9878931157199472,0.9900759263844184,0.9888721742535084,0.9869140571863864,0.9894736842105264,0.9877981553587664,0.975597292693329,0.0130859428136137,36276,481,540,47987,0.9988687796992418
8,kwon_cnn,22,cic2018,191093,132.9708013469999,1.4288926090000589,56.89738755723135,43.10261244276865,18565,0.9956908160517102,0.9950163990290888,0.992575885725026,0.9999053299252106,0.9901274681329668,0.996227126957178,0.995601947253548,0.9912405058257998,0.0098725318670332,7923,79,1,10562,0.9999126354452286
9,kwon_cnn,22,darpa,191093,132.9708013469999,1.136814180999977,56.90093141405589,43.09906858594411,12991,0.9727503656377492,0.9750371292917952,0.9934099831744252,0.9584686147186148,0.9916056438649758,0.975626549160011,0.972365552464453,0.945532253864596,0.0083943561350241,5552,47,307,7085,0.9962871674672888
10,kwon_cnn,22,unsw-nb15,191093,132.9708013469999,0.7668368779999355,56.90751916489969,43.09248083510031,6131,0.9182841298320013,0.9202088362928889,0.947841726618705,0.9062768701633706,0.9341408024224072,0.9265934065934066,0.9172235011631736,0.8356186812557898,0.0658591975775927,2468,174,327,3162,0.9711959984977118
11,kwon_cnn,22,POOLED_ALL_ROWS,191093,132.9708013469999,10.758189163999988,56.90024879383101,43.09975120616899,145502,0.9514645846792484,0.9544381653424188,0.9808740046481502,0.9328912562959742,0.9759850743888632,0.9562811083871926,0.9508682482123804,0.9032466117316984,0.0240149256111368,61205,1506,5556,77235,0.9815686757215868
13,kwon_cnn,33,cic2017,191093,131.37566245799997,5.285721165999803,56.900473711364384,43.099526288635616,85284,0.9885207072838984,0.9884512382333676,0.9908535326423586,0.9889546025923712,0.987947873874364,0.989903156939388,0.9883013957425076,0.9766052320601936,0.0120521261256359,36314,443,536,47991,0.998867697682932
14,kwon_cnn,33,cic2018,191093,131.37566245799997,1.442680603999861,56.89738755723135,43.10261244276865,18565,0.9956908160517102,0.99504669771211,0.9927611168562565,0.999715989775632,0.990377405648588,0.9962264150943396,0.9956022219853368,0.9912373924028725,0.0096225943514121,7925,77,3,10560,0.9999188939393004
15,kwon_cnn,33,darpa,191093,131.37566245799997,1.1432156390001182,56.90093141405589,43.09906858594411,12991,0.9705950273266108,0.9733381386131876,0.994637313011572,0.9534632034632036,0.993213073763172,0.9736151402127364,0.9702046493831415,0.9415148670095178,0.006786926236828,5561,38,344,7048,0.9965463621557344
16,kwon_cnn,33,unsw-nb15,191093,131.37566245799997,0.8069180710001547,56.90751916489969,43.09248083510031,6131,0.9000163105529277,0.9068230877664832,0.9626769626769628,0.8575523072513614,0.9560938682816048,0.9070789752917991,0.899435339366994,0.8059217937508428,0.0439061317183951,2526,116,497,2992,0.967085100811049
17,kwon_cnn,33,POOLED_ALL_ROWS,191093,131.37566245799997,10.891105515999923,56.90024879383101,43.09975120616899,145502,0.9525848441945816,0.9556314200010172,0.9822336315575436,0.9335555797127708,0.9777072602892636,0.9572761783265936,0.952006164824366,0.9055638934729866,0.0222927397107365,61313,1398,5501,77290,0.9840478793138396
19,kwon_cnn,44,cic2017,191093,130.695173136,5.32116807500006,56.900473711364384,43.099526288635616,85284,0.9874185075746916,0.987185767459752,0.98901483924155,0.9888721742535084,0.9854993606659956,0.9889435016023164,0.9871745159974968,0.9743490458134882,0.0145006393340044,36224,533,540,47987,0.998395698622104
20,kwon_cnn,44,cic2018,191093,130.695173136,1.450035224999965,56.89738755723135,43.10261244276865,18565,0.9936978184756262,0.992689327668083,0.9890449438202248,1.0,0.985378655336166,0.9944923033469848,0.9935638957409688,0.9872100976026364,0.014621344663834,7885,117,0,10563,0.9999019758929432
21,kwon_cnn,44,darpa,191093,130.695173136,1.1466350840000814,56.90093141405589,43.09906858594411,12991,0.974289893002848,0.9763249602394986,0.9930148086057556,0.9615800865800864,0.9910698338989106,0.9770446735395188,0.9739142192050289,0.9484789856120024,0.0089301661010894,5549,50,284,7108,0.9954192669493396
22,kwon_cnn,44,unsw-nb15,191093,130.695173136,0.7864710140001989,56.90751916489969,43.09248083510031,6131,0.9001794160822052,0.9060015916791804,0.9565217391304348,0.8638578389223273,0.9481453444360332,0.9078313253012048,0.8994866338352342,0.8045300861431736,0.0518546555639666,2505,137,475,3014,0.9673662374383512
23,kwon_cnn,44,POOLED_ALL_ROWS,191093,130.695173136,10.889642685000354,56.90024879383101,43.09975120616899,145502,0.9475608582699894,0.9508492709054136,0.9797286084481152,0.9270210530130086,0.9746774887978186,0.9526463432798769,0.9469489993525256,0.8957149381651458,0.0253225112021814,61123,1588,6042,76749,0.9797647726315396
25,kwon_cnn,55,cic2017,191093,131.3340151970001,5.275288001000035,56.900473711364384,43.099526288635616,85284,0.9896229069931054,0.9896969131541848,0.9925765095119934,0.9891606734395284,0.9902331528688412,0.9908656476101024,0.9894272049888028,0.9788622850716964,0.0097668471311586,36398,359,526,48001,0.9985809403749816
26,kwon_cnn,55,cic2018,191093,131.3340151970001,1.429784445999985,56.89738755723135,43.10261244276865,18565,0.9962833288446,0.995734025880068,0.9937888198757764,0.999715989775632,0.9917520619845038,0.9967435933739204,0.9962075660866214,0.9924390196994785,0.0082479380154961,7936,66,3,10560,0.9998999587412624
27,kwon_cnn,55,darpa,191093,131.3340151970001,1.12596229199994,56.90093141405589,43.09906858594411,12991,0.9572781156185052,0.9618095865333096,0.9956502827316224,0.9289772727272728,0.9946419003393464,0.9611589334453076,0.9568473192840152,0.9165323840828156,0.0053580996606536,5569,30,525,6867,0.9953014061532324
28,kwon_cnn,55,unsw-nb15,191093,131.3340151970001,0.7715347230000589,56.90751916489969,43.09248083510031,6131,0.8913717175012232,0.8997791046110313,0.9656878917848896,0.8389223273144167,0.9606358819076456,0.8978527607361964,0.8909326499605746,0.7919416113269238,0.0393641180923542,2538,104,562,2927,0.9671576766951568
29,kwon_cnn,55,POOLED_ALL_ROWS,191093,131.3340151970001,10.802079769000102,56.90024879383101,43.09975120616899,145502,0.9459251419224478,0.9499997854448994,0.9834303338452208,0.9204744477056684,0.9795251231841304,0.950911518448734,0.9453613604238592,0.8932859775112462,0.0204748768158696,61427,1284,6584,76207,0.9821848904128576
31,vinayakumar_dnn,11,cic2017,191093,194.2321560280002,7.253069882000091,56.900473711364384,43.099526288635616,85284,0.9295647483701516,0.930508312890518,0.9511310104825362,0.9236713582129537,0.9373452675680822,0.9372000878174234,0.928507939523742,0.8575317271781563,0.0626547324319177,34454,2303,3704,44823,0.9725791222029888
32,vinayakumar_dnn,11,cic2018,191093,194.2321560280002,1.8678520169999049,56.89738755723135,43.10261244276865,18565,0.9803932130352816,0.97877062022954,0.9753892048102918,0.990532992521064,0.9670082479380157,0.98290277125411,0.979961486637156,0.9600826716387788,0.0329917520619845,7738,264,100,10463,0.984426086510655
33,vinayakumar_dnn,11,darpa,191093,194.2321560280002,3.651649323999891,56.90093141405589,43.09906858594411,12991,0.9337233469324916,0.9327287398259894,0.9433808553971488,0.939935064935065,0.9255224147169138,0.941654807887782,0.9324755108481226,0.8649593725663117,0.0744775852830862,5182,417,444,6948,0.9747582428139224
34,vinayakumar_dnn,11,unsw-nb15,191093,194.2321560280002,3.312265522999951,56.90751916489969,43.09248083510031,6131,0.8491273854183656,0.8471337082110988,0.8718097447795824,0.8615649183147034,0.8327024981074943,0.8666570563644227,0.8464740680883147,0.6930262897201048,0.1672975018925056,2200,442,483,3006,0.916635748689132
35,vinayakumar_dnn,11,POOLED_ALL_ROWS,191093,194.2321560280002,18.92303027399976,56.90024879383101,43.09975120616899,145502,0.9156437712196396,0.9183492508804956,0.950305878746855,0.8987450326726335,0.9379534690883576,0.9238065677571544,0.9146643411934164,0.8311128181304354,0.0620465309116423,58820,3891,8383,74408,0.9606809050023166
37,vinayakumar_dnn,22,cic2017,191093,177.4234012290001,3.4786050199998044,56.900473711364384,43.099526288635616,85284,0.926199521598424,0.9323549898462328,0.9807180094247274,0.8877532095534445,0.9769567701390212,0.931922902200013,0.9256741786520458,0.8568246182920899,0.0230432298609788,35910,847,5447,43080,0.9791065481749524
38,vinayakumar_dnn,22,cic2018,191093,177.4234012290001,1.387853866000114,56.89738755723135,43.10261244276865,18565,0.9465122542418528,0.9504815171763246,0.9832357099575844,0.9217078481492,0.9792551862034492,0.9514781333984852,0.9459460874013128,0.8943433207385881,0.0207448137965508,7836,166,827,9736,0.9884549654501552
39,vinayakumar_dnn,22,darpa,191093,177.4234012290001,1.226461325999935,56.90093141405589,43.09906858594411,12991,0.9138634439227156,0.9172702502147492,0.9530550339448216,0.8925865800865801,0.9419539203429184,0.9218302479916172,0.9129593513035998,0.828349622994359,0.0580460796570816,5274,325,794,6598,0.9565615071955492
40,vinayakumar_dnn,22,unsw-nb15,191093,177.4234012290001,0.8617049350000343,56.90751916489969,43.09248083510031,6131,0.8279236666122981,0.8288253294825806,0.8683414043583535,0.8222986529091431,0.8353520060560181,0.844693066391874,0.8258937996066154,0.6533249251997157,0.1646479939439818,2207,435,620,2869,0.8726205904183776
41,vinayakumar_dnn,22,POOLED_ALL_ROWS,191093,177.4234012290001,9.337606434999998,56.90024879383101,43.09975120616899,145502,0.909039051009608,0.9157304140891812,0.96969369564043,0.8672440241089008,0.9642168040694616,0.9156119488634552,0.9084838508413304,0.8236351191134973,0.0357831959305385,60467,2244,10991,71800,0.9619055459162544
43,vinayakumar_dnn,33,cic2017,191093,179.84456476000014,3.4848396969998703,56.900473711364384,43.099526288635616,85284,0.9154120350827822,0.9134694014889404,0.9240797388572952,0.92754549013951,0.8993933128383709,0.9258093710148504,0.9137174275572808,0.8274434983134217,0.100606687161629,33059,3698,3516,45011,0.9839307871302732
44,vinayakumar_dnn,33,cic2018,191093,179.84456476000014,1.4004434299999955,56.89738755723135,43.10261244276865,18565,0.9872340425531916,0.9864182988618082,0.9853355893965032,0.992331723942062,0.9805048737815546,0.9888212820149992,0.9869713792836,0.9739763052325142,0.0194951262184453,7846,156,81,10482,0.9921295532880958
45,vinayakumar_dnn,33,darpa,191093,179.84456476000014,1.2388653210000484,56.90093141405589,43.09906858594411,12991,0.9227927026402896,0.9294920861718504,0.9814619442351168,0.8809523809523809,0.97803179139132,0.9284950452698368,0.9222985473107862,0.8509596479733439,0.0219682086086801,5476,123,880,6512,0.9719729056440968
46,vinayakumar_dnn,33,unsw-nb15,191093,179.84456476000014,0.8470291870000892,56.90751916489969,43.09248083510031,6131,0.8719621595172077,0.8744098192025158,0.9129505192425168,0.8566924620235025,0.8921271763815292,0.8839272512198728,0.870587011680131,0.7433608063925119,0.1078728236184708,2357,285,500,2989,0.9366654451353438
47,vinayakumar_dnn,33,POOLED_ALL_ROWS,191093,179.84456476000014,9.408383653999865,56.90024879383101,43.09975120616899,145502,0.9050872152960096,0.9074678436214744,0.939800823737934,0.890217535722482,0.9247181515204668,0.914337464488196,0.9039674070264386,0.8096023276843065,0.075281848479533,57990,4721,9089,73702,0.970490396943502
49,vinayakumar_dnn,44,cic2017,191093,176.41185504099985,3.364587008999933,56.900473711364384,43.099526288635616,85284,0.9032995638103278,0.901433533919778,0.9150865622423744,0.914954561378202,0.8879125064613543,0.915020557049677,0.9014242622845806,0.8028485371641843,0.1120874935386457,32637,4120,4127,44400,0.9802590797119728
50,vinayakumar_dnn,44,cic2018,191093,176.41185504099985,1.3571991849998994,56.89738755723135,43.10261244276865,18565,0.9825478050094264,0.9804822296272,0.9744231303864332,0.9954558364101108,0.965508622844289,0.9848271986513064,0.9821448366481684,0.9645997051197006,0.034491377155711,7726,276,48,10515,0.9972887056092646
51,vinayakumar_dnn,44,darpa,191093,176.41185504099985,1.2215009430001371,56.90093141405589,43.09906858594411,12991,0.9591255484566238,0.955808302290375,0.9499016393442624,0.9798430735930737,0.9317735309876763,0.9646400745821404,0.9581066309983204,0.9168603284478324,0.0682264690123236,5217,382,149,7243,0.9809737084892248
52,vinayakumar_dnn,44,unsw-nb15,191093,176.41185504099985,0.8552429189999202,56.90751916489969,43.09248083510031,6131,0.8455390637742619,0.8380083485048392,0.8448182311448725,0.8925193465176269,0.7834973504920515,0.86801393728223,0.8409265676189015,0.6836868345273065,0.2165026495079485,2070,572,375,3114,0.9156756098815158
53,vinayakumar_dnn,44,POOLED_ALL_ROWS,191093,176.41185504099985,9.139737037000032,56.90024879383101,43.09975120616899,145502,0.9014102898929224,0.902026506602271,0.9268590814977424,0.8975613291299779,0.9064916840745644,0.9119749639493144,0.8999693937359174,0.8005374507061046,0.0935083159254357,56847,5864,8481,74310,0.9679207403531156
55,vinayakumar_dnn,55,cic2017,191093,176.1407332990002,3.360593201000029,56.900473711364384,43.099526288635616,85284,0.8798250551099854,0.8621713460184055,0.8310443837132875,0.9900879922517362,0.734254699785075,0.9036213689922044,0.8720233676355917,0.7676442389888957,0.265745300214925,26989,9768,481,48046,0.960182793794693
56,vinayakumar_dnn,55,cic2018,191093,176.1407332990002,1.354207143000167,56.89738755723135,43.10261244276865,18565,0.8477242122273094,0.8238262904216197,0.7902160864345739,0.9970652276815298,0.6505873531617096,0.8816709221045582,0.8340675782816771,0.7127073456035229,0.3494126468382904,5206,2796,31,10532,0.9556539199953396
57,vinayakumar_dnn,55,darpa,191093,176.1407332990002,1.21942716500007,56.90093141405589,43.09906858594411,12991,0.801477946270495,0.771900435026663,0.7463909081601311,0.9862012987012988,0.5575995713520272,0.8496998659595547,0.7786978305202965,0.623444790787565,0.4424004286479728,3122,2477,102,7290,0.8431817046218057
58,vinayakumar_dnn,55,unsw-nb15,191093,176.1407332990002,0.8361250000002656,56.90751916489969,43.09248083510031,6131,0.6235524384276627,0.5642204362841234,0.6026420997740309,0.993694468329034,0.1347464042392127,0.7502705042198659,0.4930160468119197,0.2644399410860579,0.8652535957607873,356,2286,22,3467,0.8049053378315195
59,vinayakumar_dnn,55,POOLED_ALL_ROWS,191093,176.1407332990002,9.14885172700042,56.90024879383101,43.09975120616899,145502,0.8558439059256917,0.8375487562068629,0.8127770244287478,0.9701175248517352,0.7049799875619908,0.8845046225682648,0.8463841271806543,0.7161893767391186,0.2950200124380093,44210,18501,2474,80317,0.9366144013234496
61,kilichev_cnn,11,cic2017,191093,914.894416968,5.592064603999916,56.900473711364384,43.099526288635616,85284,0.9846043806575676,0.9834591799499636,0.9813825448613376,0.99175716611371,0.9751611937862176,0.9865425809956236,0.9842782630050376,0.968630781294478,0.0248388062137824,35844,913,400,48127,0.9989683240784882
62,kilichev_cnn,11,cic2018,191093,914.894416968,1.7840228740001294,56.89738755723135,43.10261244276865,18565,0.9925127928898464,0.9913601193566988,0.987284966342558,0.999715989775632,0.9830042489377656,0.9934615927371936,0.9923517402284672,0.9848097596673584,0.0169957510622344,7866,136,3,10560,0.9997023311151292
63,kilichev_cnn,11,darpa,191093,914.894416968,2.2699707959995976,56.90093141405589,43.09906858594411,12991,0.97852359325687,0.9782906598967502,0.9822372881355932,0.979978354978355,0.9766029648151456,0.9811065212974877,0.978114562476653,0.9562326022261712,0.0233970351848544,5468,131,148,7244,0.9969227652742564
64,kilichev_cnn,11,unsw-nb15,191093,914.894416968,1.9515666100001,56.90751916489969,43.09248083510031,6131,0.8983852552601533,0.9031847469575084,0.9486537257357546,0.8684436801375752,0.9379258137774412,0.9067783929373036,0.8975548175476982,0.799340010083378,0.0620741862225586,2478,164,459,3030,0.957318925338834
65,kilichev_cnn,11,POOLED_ALL_ROWS,191093,914.894416968,14.11226828799954,56.90024879383101,43.09975120616899,145502,0.9506604720210032,0.9527511408039344,0.9747231221276276,0.9376019132514404,0.9679003683564288,0.955802227434756,0.9499835558717626,0.9008837486221666,0.0320996316435713,60698,2013,5166,77625,0.9872287676474236
67,kilichev_cnn,22,cic2017,191093,915.0470240450004,5.40744096599974,56.900473711364384,43.099526288635616,85284,0.9804769945124524,0.9787699556064798,0.9749655396091786,0.991138953572238,0.9664009576407216,0.9829857243585158,0.9800431104291308,0.9602686415219736,0.0335990423592785,35522,1235,430,48097,0.9987686270362152
68,kilichev_cnn,22,cic2018,191093,915.0470240450004,1.4850273580004796,56.89738755723135,43.10261244276865,18565,0.989011580931861,0.987298634727856,0.981321438528018,0.999715989775632,0.97488127968008,0.9904333145751266,0.9887634116846278,0.977762006560825,0.02511872031992,7801,201,3,10560,0.9998730495829132
69,kilichev_cnn,22,darpa,191093,915.0470240450004,1.166406113999983,56.90093141405589,43.09906858594411,12991,0.9732892002155338,0.9726513663154136,0.9758206132648926,0.9772727272727272,0.9680300053580996,0.976546130449476,0.9727639921935411,0.9455294338816572,0.0319699946419003,5420,179,168,7224,0.99534145417897
70,kilichev_cnn,22,unsw-nb15,191093,915.0470240450004,0.7767943890003153,56.90751916489969,43.09248083510031,6131,0.902299787962812,0.9084159060301772,0.9601910828025476,0.8641444539982803,0.9526873580620742,0.9096394629657564,0.9016509049250938,0.8092384398157442,0.0473126419379258,2517,125,474,3015,0.9676130930800358
71,kilichev_cnn,22,POOLED_ALL_ROWS,191093,915.0470240450004,11.085651706000135,56.90024879383101,43.09975120616899,145502,0.9506604720210032,0.9519718278334194,0.9699666848988115,0.942469592105422,0.9614740635614166,0.9560204612981285,0.9499165616057126,0.9003421979845541,0.0385259364385833,60295,2416,4763,78028,0.9873410300718556
73,kilichev_cnn,33,cic2017,191093,913.079009405,5.401204468999822,56.900473711364384,43.099526288635616,85284,0.9817316260963368,0.979964815285164,0.9755583905392544,0.9927669132647804,0.9671627173055471,0.984087427229088,0.9813222514218054,0.9628511216402342,0.0328372826944527,35550,1207,351,48176,0.9992753837686338
74,kilichev_cnn,33,cic2018,191093,913.079009405,1.5253197100000762,56.89738755723135,43.10261244276865,18565,0.988580662537032,0.9867987596966136,0.9805924412665986,0.999715989775632,0.9738815296175956,0.9900618788674292,0.9883212293438298,0.9768969831251044,0.0261184703824043,7793,209,3,10560,0.9998660871561432
75,kilichev_cnn,33,darpa,191093,913.079009405,1.1986231409991888,56.90093141405589,43.09906858594411,12991,0.9762912785774768,0.9755059630121026,0.9772298571813528,0.9811958874458876,0.9698160385783176,0.9792088564871068,0.975815029962751,0.9516408847328583,0.0301839614216824,5430,169,139,7253,0.9961559814909744
76,kilichev_cnn,33,unsw-nb15,191093,913.079009405,0.8248533070000121,56.90751916489969,43.09248083510031,6131,0.9169792855977816,0.9176381420660455,0.93952802359882,0.9128690169102894,0.9224072672218016,0.926006687018462,0.9157248742541688,0.8319412822553364,0.0775927327781983,2437,205,304,3185,0.9670036834702076
77,kilichev_cnn,33,POOLED_ALL_ROWS,191093,913.079009405,11.193696741998792,56.90024879383101,43.09975120616899,145502,0.9513477477972812,0.952395916757591,0.9689210950080516,0.9448007633679988,0.9599910701471832,0.9567089242360308,0.9505899758727904,0.9015731501489028,0.0400089298528168,60202,2509,4570,78221,0.9889089575095364
79,kilichev_cnn,44,cic2017,191093,919.4892979859997,5.441293870000664,56.900473711364384,43.099526288635616,85284,0.9849913231086722,0.9839773595229592,0.9824568569386296,0.9913244173346796,0.9766303017112388,0.9868707175973414,0.9846773534343924,0.9694088313468462,0.0233696982887613,35898,859,421,48106,0.9991431582921032
80,kilichev_cnn,44,cic2018,191093,919.4892979859997,1.5136587859997237,56.89738755723135,43.10261244276865,18565,0.991704820899542,0.9904228536731196,0.9859023433853048,0.999715989775632,0.9811297175706072,0.9927611168562565,0.9915243525754542,0.9831802615927644,0.0188702824293926,7851,151,3,10560,0.9999226916266292
81,kilichev_cnn,44,darpa,191093,919.4892979859997,1.1499314739994588,56.90093141405589,43.09906858594411,12991,0.9771380186282812,0.9771164493659582,0.9824561403508772,0.9772727272727272,0.9769601714591892,0.9798575788402848,0.9767135184403436,0.9534452941856986,0.0230398285408108,5470,129,168,7224,0.995531135642651
82,kilichev_cnn,44,unsw-nb15,191093,919.4892979859997,0.7743669199999204,56.90751916489969,43.09248083510031,6131,0.9168161800685044,0.9176326636173948,0.9402896837126812,0.9117225566064776,0.923542770628312,0.9257857974388825,0.9155830656953226,0.8317292636651994,0.0764572293716881,2440,202,308,3181,0.9648973555691088
83,kilichev_cnn,44,POOLED_ALL_ROWS,191093,919.4892979859997,11.143018053999183,56.90024879383101,43.09975120616899,145502,0.95297659138706,0.9547535119364337,0.9746278543663838,0.9418777403340944,0.9676292835387732,0.957972972972973,0.95230245166698,0.9053210557554308,0.0323707164612269,60681,2030,4812,77979,0.9879891417171948
85,kilichev_cnn,55,cic2017,191093,913.3786498540004,5.267321604999779,56.900473711364384,43.099526288635616,85284,0.9826579428732236,0.9811120253202088,0.9775477060495332,0.9923135574010344,0.9699104932393828,0.9848752901714952,0.9822770262429176,0.964705574334608,0.030089506760617,35651,1106,373,48154,0.999240322515783
86,kilichev_cnn,55,cic2018,191093,913.3786498540004,1.5109665700001642,56.89738755723135,43.10261244276865,18565,0.990842984109884,0.9894231036106352,0.9844318075883284,0.999715989775632,0.9791302174456386,0.9920150305307656,0.9906413536492212,0.981444184379904,0.0208697825543614,7835,167,3,10560,0.9999070927146564
87,kilichev_cnn,55,darpa,191093,913.3786498540004,1.1707070560005377,56.90093141405589,43.09906858594411,12991,0.9777538295743208,0.9774409652233818,0.9811678634331392,0.9797077922077922,0.9751741382389713,0.9804372842347526,0.9773272155851254,0.9546558862275974,0.0248258617610287,5460,139,150,7242,0.99703975624899
88,kilichev_cnn,55,unsw-nb15,191093,913.3786498540004,0.7857194359994537,56.90751916489969,43.09248083510031,6131,0.9137171750122328,0.9162421682593224,0.9476709013914096,0.8979650329607337,0.9345193035579108,0.92214863870493,0.9126931230839448,0.8270510388999336,0.0654806964420893,2469,173,356,3133,0.965075161060966
89,kilichev_cnn,55,POOLED_ALL_ROWS,191093,913.3786498540004,11.0057201110003,56.90024879383101,43.09975120616899,145502,0.9508666547538864,0.952493352065728,0.972042634981653,0.9407061153990168,0.9642805887324392,0.956117682444004,0.9501528993525498,0.9009636657331628,0.0357194112675607,60471,2240,4909,77882,0.9865401308108058
91,rf_selected_knn,11,cic2017,191093,8.047076967000066,2.8930829119999544,56.900473711364384,43.099526288635616,85284,0.9646123540171662,0.9635524302907924,0.9667302524972822,0.9712325097368476,0.9558723508447372,0.9689761513157896,0.9638980745663108,0.9278102284499528,0.0441276491552629,35135,1622,1396,47131,0.98603257213656
92,rf_selected_knn,11,cic2018,191093,8.047076967000066,0.6031098040002689,56.89738755723135,43.10261244276865,18565,0.9721518987341772,0.9683621471324396,0.9569687045123726,0.995834516709268,0.9408897775556112,0.976014845743447,0.9714103121173094,0.9439138512627412,0.0591102224443889,7529,473,44,10519,0.9912539438273064
93,rf_selected_knn,11,darpa,191093,8.047076967000066,0.4408659499995337,56.90093141405589,43.09906858594411,12991,0.9377261180817488,0.9400800472448312,0.9660201047713436,0.9230248917748918,0.9571352027147704,0.9440332065029402,0.936925079004051,0.8750828780337457,0.0428647972852295,5359,240,569,6823,0.9733329196849468
94,rf_selected_knn,11,unsw-nb15,191093,8.047076967000066,0.2119736249997004,56.90751916489969,43.09248083510031,6131,0.8959386723209917,0.895705742433937,0.917912635590736,0.8973918028088278,0.8940196820590461,0.907536231884058,0.8942753893474746,0.7888490884942497,0.1059803179409538,2362,280,358,3131,0.940517770894098
95,rf_selected_knn,11,POOLED_ALL_ROWS,191093,8.047076967000066,5.052943600999242,56.90024879383101,43.09975120616899,145502,0.9256023972179076,0.9282933437651546,0.958300430496472,0.908794434177628,0.9477922533526814,0.9328911069092712,0.9247143142006706,0.8510649209390717,0.0522077466473186,59437,3274,7551,75240,0.9546488286162768
97,rf_selected_knn,22,cic2017,191093,8.043317939999724,3.132933232999676,56.900473711364384,43.099526288635616,85284,0.9644599221424888,0.9633491987553456,0.9663195440941332,0.9713973664145732,0.9553010310961176,0.9688518019915938,0.9637390229330334,0.9274959707415774,0.0446989689038822,35114,1643,1388,47139,0.9867255405121234
98,rf_selected_knn,22,cic2018,191093,8.043317939999724,0.6306996789999175,56.89738755723135,43.10261244276865,18565,0.9740910315109076,0.9707630781881356,0.9609546452084856,0.9948878159613748,0.9466383404148964,0.9776268663658776,0.9734273414421672,0.9476811553701566,0.0533616595851037,7575,427,54,10509,0.9916632185795262
99,rf_selected_knn,22,darpa,191093,8.043317939999724,0.4387463929997466,56.90093141405589,43.09906858594411,12991,0.938880763605573,0.94092136988748,0.9650408796165774,0.9261363636363636,0.9557063761385962,0.9451884578213448,0.9380604780408046,0.8771345147793991,0.0442936238614038,5351,248,546,6846,0.9746888383168298
100,rf_selected_knn,22,unsw-nb15,191093,8.043317939999724,0.2202865590006695,56.90751916489969,43.09248083510031,6131,0.8961017778502691,0.8959868790612391,0.9186729301233116,0.8968185726569218,0.8951551854655564,0.9076142131979696,0.894462966483464,0.7892636613397608,0.1048448145344436,2365,277,360,3129,0.9395487363876824
101,rf_selected_knn,22,POOLED_ALL_ROWS,191093,8.043317939999724,5.348612687000241,56.90024879383101,43.09975120616899,145502,0.9258291982240794,0.9285023096856097,0.9583763067089396,0.9091326351898154,0.9478719841814036,0.9331052266190618,0.924941212587732,0.8515016611960528,0.0521280158185964,59442,3269,7523,75268,0.9552749870538354
103,rf_selected_knn,33,cic2017,191093,8.037916330999906,3.177180992999638,56.900473711364384,43.099526288635616,85284,0.9661718493504056,0.9654704866851448,0.9700127692878032,0.9705524759412286,0.9603884974290612,0.970282547563375,0.9655119515886466,0.9310241042086946,0.0396115025709388,35301,1456,1429,47098,0.9866415180212516
104,rf_selected_knn,33,cic2018,191093,8.037916330999906,0.6752661589998752,56.89738755723135,43.10261244276865,18565,0.9747374091031512,0.9713613973198928,0.9611659356725146,0.995834516709268,0.9468882779305172,0.9781931464174456,0.9740866519388002,0.9490364627219284,0.0531117220694826,7577,425,44,10519,0.991363065226309
105,rf_selected_knn,33,darpa,191093,8.037916330999906,0.4151182850000623,56.90093141405589,43.09906858594411,12991,0.9381879762912786,0.9404425694639348,0.9657853810264384,0.9241071428571428,0.9567779960707268,0.9444866920152092,0.9373818369340612,0.8759235171912846,0.043222003929273,5357,242,561,6831,0.9736080006943106
106,rf_selected_knn,33,unsw-nb15,191093,8.037916330999906,0.232713603000775,56.90751916489969,43.09248083510031,6131,0.892350350676888,0.8925070335686788,0.9171335889118254,0.8913728862138148,0.8936411809235427,0.9040697674418604,0.8907193876228254,0.7819070956122371,0.1063588190764572,2361,281,379,3110,0.9390156996065716
107,rf_selected_knn,33,POOLED_ALL_ROWS,191093,8.037916330999906,5.491206074000729,56.90024879383101,43.09975120616899,145502,0.9260766175035394,0.9289827185773258,0.9599877396201836,0.9079247744320036,0.9500406627226484,0.933230700469297,0.9252180967091852,0.8522395758723043,0.0499593372773516,59578,3133,7623,75168,0.9555065774191333
109,rf_selected_knn,44,cic2017,191093,8.166530170999977,3.4851645350008766,56.900473711364384,43.099526288635616,85284,0.9382064631114864,0.9351227477620976,0.935452696853168,0.957466977146743,0.912778518377452,0.9463318261436312,0.9367568045768176,0.8738650142284058,0.087221481622548,33551,3206,2064,46463,0.9717923741283376
110,rf_selected_knn,44,cic2018,191093,8.166530170999977,0.9125779960004364,56.89738755723135,43.10261244276865,18565,0.9675195259897656,0.963185431986224,0.9505971769815418,0.9946038057370066,0.9317670582354411,0.9721027064538514,0.9666185462659204,0.9346535678208296,0.0682329417645588,7456,546,57,10506,0.991297782862814
111,rf_selected_knn,44,darpa,191093,8.166530170999977,0.4793494630002897,56.90093141405589,43.09906858594411,12991,0.9142483257639904,0.9176301146463228,0.95321975166041,0.8931277056277056,0.9421325236649402,0.9221958374074593,0.9133441464129202,0.8290894134453615,0.0578674763350598,5275,324,790,6602,0.9672996211831272
112,rf_selected_knn,44,unsw-nb15,191093,8.166530170999977,0.2296726409995244,56.90751916489969,43.09248083510031,6131,0.8965910944381015,0.8961870865262926,0.9175197426147996,0.8991114932645458,0.8932626797880394,0.90822235089751,0.894903106715098,0.7900467846291558,0.1067373202119606,2360,282,352,3137,0.941324404655358
113,rf_selected_knn,44,POOLED_ALL_ROWS,191093,8.166530170999977,6.328776955001558,56.90024879383101,43.09975120616899,145502,0.9079462825253262,0.90982549167107,0.9392270788237824,0.8962085250812286,0.9234424582609112,0.9172136720440076,0.9067780868152616,0.814818678506604,0.0765575417390888,57910,4801,8593,74198,0.947904734771816
115,rf_selected_knn,55,cic2017,191093,8.50486166399969,2.664200838999932,56.900473711364384,43.099526288635616,85284,0.9649172177665212,0.9637246424369044,0.9661936646395152,0.9723658993962124,0.955083385477596,0.9692699560412472,0.964198936274271,0.9284243863058296,0.0449166145224039,35106,1651,1341,47186,0.9867206691962084
116,rf_selected_knn,55,cic2018,191093,8.50486166399969,0.6208083049996276,56.89738755723135,43.10261244276865,18565,0.9713439267438728,0.9675157774979242,0.956161891768986,0.995266496260532,0.939765058735316,0.9753223861211616,0.9705792511134964,0.9422662248749412,0.0602349412646838,7520,482,50,10513,0.9920973320998068
117,rf_selected_knn,55,darpa,191093,8.50486166399969,0.3686996329997782,56.90093141405589,43.09906858594411,12991,0.9380340235547688,0.9401123393633216,0.9645930314571872,0.9250541125541124,0.9551705661725308,0.9444099164422346,0.9372080014347508,0.8754627312394815,0.0448294338274691,5348,251,554,6838,0.9740895193096478
118,rf_selected_knn,55,unsw-nb15,191093,8.50486166399969,0.189115270000002,56.90751916489969,43.09248083510031,6131,0.8970804110259338,0.8967548382295476,0.9183255269320844,0.8991114932645458,0.8943981831945496,0.908616944243302,0.8954135682575479,0.7910888629856291,0.1056018168054504,2363,279,352,3137,0.942590414472304
119,rf_selected_knn,55,POOLED_ALL_ROWS,191093,8.50486166399969,4.551905665999584,56.90024879383101,43.09975120616899,145502,0.9251006859012249,0.9276165535404072,0.9568405668170552,0.9093862859489558,0.9458468211318588,0.9325100943793504,0.9241869229231074,0.8498816864287013,0.0541531788681411,59315,3396,7502,75289,0.9552504472239232
121,ckan,11,cic2017,191093,360.6033456900004,4.302955004000069,56.900473711364384,43.099526288635616,85284,0.9661366727639416,0.9685970145794224,0.9893003409310204,0.9507696746141324,0.9864243545447126,0.969652389559077,0.9656760170701332,0.932326583362936,0.0135756454552874,36258,499,2389,46138,0.990174551594319
122,ckan,11,cic2018,191093,360.6033456900004,0.9535894430000552,56.89738755723135,43.10261244276865,18565,0.9385941287368704,0.9414478068923552,0.96978761591385,0.9207611474013064,0.9621344663834042,0.9446386946386948,0.9378532691962368,0.8772962112848497,0.0378655336165958,7699,303,837,9726,0.9838917365234096
123,ckan,11,darpa,191093,360.6033456900004,0.6577419569994163,56.90093141405589,43.09906858594411,12991,0.8421984450773613,0.8595387197118534,0.9849310094408134,0.7339015151515151,0.9851759242721916,0.8410852713178295,0.842190701703862,0.720571428288333,0.0148240757278085,5516,83,1967,5425,0.9509843816807114
124,ckan,11,unsw-nb15,191093,360.6033456900004,0.3168945779998466,56.90751916489969,43.09248083510031,6131,0.8700048931658784,0.8748035081164572,0.9246056782334384,0.8400687876182287,0.9095382286146858,0.880312359213095,0.8690335667205935,0.7428509778990159,0.0904617713853141,2403,239,558,2931,0.9300491064270556
125,ckan,11,POOLED_ALL_ROWS,191093,360.6033456900004,7.39681210299932,56.90024879383101,43.09975120616899,145502,0.9168396310703631,0.9239154638989802,0.978916846198664,0.8726431616963196,0.9751877661016408,0.9227301173735905,0.9163535268067268,0.839806293954582,0.0248122338983591,61155,1556,10544,72247,0.9683894644232436
127,ckan,22,cic2017,191093,352.7637395390002,4.272801968000749,56.900473711364384,43.099526288635616,85284,0.9721635945781156,0.9717880763371296,0.976521362050096,0.974509036206648,0.9690671164676116,0.9755141613548692,0.9716324304750276,0.9432676341295846,0.0309328835323883,35620,1137,1237,47290,0.9935340443276708
128,ckan,22,cic2018,191093,352.7637395390002,0.941590623000593,56.89738755723135,43.10261244276865,18565,0.93665499596014,0.9304117511756208,0.918129175946548,0.9756697907791348,0.885153711572107,0.9460253350468149,0.9346865040505876,0.871898286743495,0.114846288427893,7083,919,257,10306,0.987808636925309
129,ckan,22,darpa,191093,352.7637395390002,0.6581811960004416,56.90093141405589,43.09906858594411,12991,0.8970056192748826,0.9064208957381844,0.9775954559798044,0.8382034632034632,0.974638328272906,0.9025491624180626,0.8966712511404711,0.8052993676129433,0.0253616717270941,5457,142,1196,6196,0.9620985001186824
130,ckan,22,unsw-nb15,191093,352.7637395390002,0.3144124610007566,56.90751916489969,43.09248083510031,6131,0.859566139292122,0.8553865300460906,0.8699324324324325,0.8856405846947549,0.8251324753974262,0.8777162334895612,0.8564026484436889,0.7129937131208299,0.1748675246025738,2180,462,399,3090,0.9147114029189608
131,ckan,22,POOLED_ALL_ROWS,191093,352.7637395390002,7.328149025002858,56.90024879383101,43.09975120616899,145502,0.926681420186664,0.9292260442273717,0.9582904418773114,0.9107874044280176,0.9476646840267258,0.9339352729164344,0.9257867152532082,0.8530824518124981,0.0523353159732742,59429,3282,7386,75405,0.9672399315659388
133,ckan,33,cic2017,191093,351.4674082090005,4.329252270999859,56.900473711364384,43.099526288635616,85284,0.9539186717320952,0.9495662611199832,0.9404815992730576,0.98110330331568,0.9180292189242866,0.9603630862329804,0.952667471033822,0.9065483549104466,0.0819707810757134,33744,3013,917,47610,0.9930459369592664
134,ckan,33,cic2018,191093,351.4674082090005,0.9483232350003163,56.89738755723135,43.10261244276865,18565,0.9199030433611636,0.91096395999457,0.8933090656959611,0.975764460853924,0.8461634591352162,0.9327179765621464,0.9168879655916062,0.8392211155171513,0.1538365408647838,6771,1231,256,10307,0.9870084429096264
135,ckan,33,darpa,191093,351.4674082090005,0.6618235409996487,56.90093141405589,43.09906858594411,12991,0.9003156031098453,0.9093727674584748,0.9780461031833152,0.84375,0.9749955349169496,0.905948144382308,0.8999567955187557,0.8110448176573622,0.0250044650830505,5459,140,1155,6237,0.969351119054191
136,ckan,33,unsw-nb15,191093,351.4674082090005,0.3166917780008589,56.90751916489969,43.09248083510031,6131,0.869515576578046,0.8694576813165809,0.8976634131913636,0.8698767555173402,0.8690386071158214,0.883551673944687,0.8675918607112159,0.735737098101265,0.1309613928841786,2296,346,454,3035,0.9181817560499972
137,ckan,33,POOLED_ALL_ROWS,191093,351.4674082090005,7.390436341000168,56.90024879383101,43.09975120616899,145502,0.9154582067600444,0.9154015477984344,0.9343084582018928,0.9158121051805148,0.9149909904163545,0.9249678241827952,0.914078028303296,0.8283953337586349,0.0850090095836456,57380,5331,6970,75821,0.9676928906176558
139,ckan,44,cic2017,191093,351.4202738130007,4.286739363000379,56.900473711364384,43.099526288635616,85284,0.960754655034942,0.9589946095399476,0.9597818122608484,0.9717476868547408,0.9462415322251544,0.9657276851083874,0.959910572038894,0.9199218746967208,0.0537584677748456,34781,1976,1371,47156,0.9900827366238104
140,ckan,44,cic2018,191093,351.4202738130007,0.94467635699948,56.89738755723135,43.10261244276865,18565,0.9312685160247778,0.9242693586756676,0.9105295729820528,0.9750071002556092,0.873531617095726,0.9416659047270732,0.9290133404075848,0.8612421963246212,0.1264683829042739,6990,1012,264,10299,0.984760809466288
141,ckan,44,darpa,191093,351.4202738130007,0.656628639999326,56.90093141405589,43.09906858594411,12991,0.897852359325687,0.9059952510652411,0.9696453461359764,0.8469967532467533,0.9649937488837292,0.904180807278504,0.897404835354409,0.8042335822337774,0.0350062511162707,5403,196,1131,6261,0.9624174346222928
142,ckan,44,unsw-nb15,191093,351.4202738130007,0.3159666639985516,56.90751916489969,43.09248083510031,6131,0.8647855162290001,0.863877528792231,0.8895723491505565,0.8704499856692463,0.8573050719152158,0.8799072866869477,0.8626071234703632,0.7254801699179304,0.1426949280847842,2265,377,452,3037,0.919861632829381
143,ckan,44,POOLED_ALL_ROWS,191093,351.4202738130007,7.348291115999018,56.90024879383101,43.09975120616899,145502,0.9228464213550328,0.924094439968314,0.947555377668822,0.9150511529030934,0.9331377270335348,0.93101965073552,0.9217478381852742,0.844217578481903,0.0668622729664652,58518,4193,7033,75758,0.970021406400928
145,ckan,55,cic2017,191093,350.0920193870006,4.37467181700049,56.900473711364384,43.099526288635616,85284,0.9624783077716804,0.961159194100102,0.9636084688554772,0.9707173326189544,0.95160105558125,0.967149837802324,0.9617038488590602,0.9234429758934102,0.0483989444187501,34978,1779,1421,47106,0.9925951684039503
146,ckan,55,cic2018,191093,350.0920193870006,0.9461301390001609,56.89738755723135,43.10261244276865,18565,0.9331537840021544,0.927062285597776,0.9163093962129332,0.9712202972640348,0.8829042739315172,0.9429661289581324,0.9311148385991624,0.8645266908614143,0.1170957260684828,7065,937,304,10259,0.9880044130309844
147,ckan,55,darpa,191093,350.0920193870006,0.6595498219994624,56.90093141405589,43.09906858594411,12991,0.8956970210145485,0.9018485709608008,0.9547988549043244,0.8572781385281385,0.9464190033934632,0.903414355976905,0.8950268466908703,0.7961944073857156,0.0535809966065368,5299,300,1055,6337,0.9611748706285675
148,ckan,55,unsw-nb15,191093,350.0920193870006,0.3174260739997407,56.90751916489969,43.09248083510031,6131,0.8682107323438265,0.861419766546488,0.8649605227334604,0.9105760963026656,0.8122634367903103,0.88718235129852,0.8643754893747502,0.7303943156670045,0.1877365632096896,2146,496,312,3177,0.9254837144706332
149,ckan,55,POOLED_ALL_ROWS,191093,350.0920193870006,7.443756597998799,56.90024879383101,43.09975120616899,145502,0.9207364847218596,0.9221784927744116,0.9469940282029408,0.9117295358191108,0.9326274497297125,0.929027255552342,0.9196398874547826,0.8401279370084156,0.0673725502702875,58486,4225,7308,75483,0.9687641560778592
