model,seed,test_source,source_role,fit_seconds,n_test,attack_prevalence,benign_prevalence,accuracy,balanced_accuracy,precision,recall,f1,macro_f1,mcc,false_positive_rate,tn,fp,fn,tp,roc_auc
selected_feature_mlp,11,cic2017,heterogeneous,21.358900049,6332,0.551010739102969,0.4489892608970309,0.910454832596336,0.900281392894829,0.860207100591716,1.0,0.924850894632207,0.907043536786703,0.8298492590861,0.199437214210341,2276,567,0,3489,0.900281392894829
selected_feature_mlp,11,cic2018,heterogeneous,21.358900049,6332,0.551010739102969,0.4489892608970309,0.999210360075805,0.999120647203658,0.998568975386377,1.0,0.999283975368753,0.999201924315251,0.998405121453553,0.001758705592684,2838,5,0,3489,0.999120647203658
selected_feature_mlp,11,darpa,heterogeneous,21.358900049,6332,0.551010739102969,0.4489892608970309,0.922457359444093,0.929505746768372,0.998669328010645,0.860418458010891,0.924403387220939,0.922405940652129,0.855622661900011,0.001406964474147,2839,4,487,3002,0.929505746768372
selected_feature_mlp,11,unsw-nb15,same_domain_reextraction,21.358900049,6332,0.551010739102969,0.4489892608970309,0.923404927353127,0.914702778754837,0.877956718671364,1.0,0.935012729465362,0.920880715819011,0.853335913763733,0.170594442490327,2358,485,0,3489,0.914702778754837
selected_feature_mlp,11,POOLED_ALL_ROWS,pooled_row_weighted,21.358900049,25328,0.551010739102969,0.4489892608970309,0.93888186986734,0.935902641405424,0.926978664831383,0.965104614502723,0.945657515972759,0.93791671468462,0.876827038402681,0.093299331691875,10311,1061,487,13469,0.935902641405424
selected_feature_mlp,22,cic2017,heterogeneous,14.677091474999996,6332,0.551010739102969,0.4489892608970309,0.910138976626658,0.899929651776293,0.859783144406111,1.0,0.924605803630582,0.906703918035732,0.829280137885217,0.200140696447415,2274,569,0,3489,0.899929651776293
selected_feature_mlp,22,cic2018,heterogeneous,14.677091474999996,6332,0.551010739102969,0.4489892608970309,0.999210360075805,0.999120647203658,0.998568975386377,1.0,0.999283975368753,0.999201924315251,0.998405121453553,0.001758705592684,2838,5,0,3489,0.999120647203658
selected_feature_mlp,22,darpa,heterogeneous,14.677091474999996,6332,0.551010739102969,0.4489892608970309,0.922615287428932,0.929649054306349,0.998669770535417,0.860705073086844,0.924568965517241,0.922563341383783,0.855894492069872,0.001406964474147,2839,4,486,3003,0.929649054306349
selected_feature_mlp,22,unsw-nb15,same_domain_reextraction,14.677091474999996,6332,0.551010739102969,0.4489892608970309,0.923720783322805,0.915054519873373,0.878398791540785,1.0,0.935263369521512,0.921216155258546,0.853912628645709,0.169890960253254,2360,483,0,3489,0.915054519873373
selected_feature_mlp,22,POOLED_ALL_ROWS,pooled_row_weighted,14.677091474999996,25328,0.551010739102969,0.4489892608970309,0.93892135186355,0.935938468289918,0.926983690041979,0.965176268271711,0.945694527328255,0.937956199565612,0.876909537123004,0.093299331691875,10311,1061,486,13470,0.935938468289918
selected_feature_mlp,33,cic2017,heterogeneous,14.695498410000027,6332,0.551010739102969,0.4489892608970309,0.857391029690461,0.841188884980654,0.794398907103825,1.0,0.885420631899505,0.848313493871559,0.736260928400529,0.317622230038691,1940,903,0,3489,0.841188884980654
selected_feature_mlp,33,cic2018,heterogeneous,14.695498410000027,6332,0.551010739102969,0.4489892608970309,0.998736576121289,0.998593035525853,0.997712324849871,1.0,0.998854852562267,0.998722952875005,0.997449163244376,0.002813928948294,2835,8,0,3489,0.998593035525853
selected_feature_mlp,33,darpa,heterogeneous,14.695498410000027,6332,0.551010739102969,0.4489892608970309,0.964150347441567,0.967338936794168,0.998776758409786,0.936084838062482,0.966415150170144,0.963986575931812,0.93030296886321,0.001406964474147,2839,4,223,3266,0.967338936794168
selected_feature_mlp,33,unsw-nb15,same_domain_reextraction,14.695498410000027,6332,0.551010739102969,0.4489892608970309,0.959096651926721,0.95444952514949,0.930896478121665,1.0,0.964211689926765,0.958243674335043,0.919832009060049,0.09110094970102,2584,259,0,3489,0.95444952514949
selected_feature_mlp,33,POOLED_ALL_ROWS,pooled_row_weighted,14.695498410000027,25328,0.551010739102969,0.4489892608970309,0.944843651295009,0.940392595612541,0.921245052659824,0.984021209515621,0.951598932889859,0.943747890250739,0.890264562514973,0.103236018290538,10198,1174,223,13733,0.940392595612541
selected_feature_mlp,44,cic2017,heterogeneous,14.697003947999974,6332,0.551010739102969,0.4489892608970309,0.903032217308907,0.892015476609216,0.850353399951255,1.0,0.919125395152792,0.899034306409204,0.816519066976587,0.215969046781569,2229,614,0,3489,0.892015476609216
selected_feature_mlp,44,cic2018,heterogeneous,14.697003947999974,6332,0.551010739102969,0.4489892608970309,0.998894504106128,0.998768906085121,0.997997711670481,1.0,0.99899785254116,0.998882620582959,0.997767735422769,0.002462187829757,2836,7,0,3489,0.998768906085121
selected_feature_mlp,44,darpa,heterogeneous,14.697003947999974,6332,0.551010739102969,0.4489892608970309,0.937302590018951,0.942976655338163,0.998709677419355,0.887360275150473,0.939748064956746,0.937199135359031,0.881522145309553,0.001406964474147,2839,4,393,3096,0.942976655338163
selected_feature_mlp,44,unsw-nb15,same_domain_reextraction,14.697003947999974,6332,0.551010739102969,0.4489892608970309,0.926879343019583,0.918571931058741,0.882844129554656,1.0,0.937777180486494,0.924565404334765,0.859690376974833,0.162856137882519,2380,463,0,3489,0.918571931058741
selected_feature_mlp,44,POOLED_ALL_ROWS,pooled_row_weighted,14.697003947999974,25328,0.551010739102969,0.4489892608970309,0.941527163613392,0.93808324227281,0.925738857415876,0.971840068787618,0.94822945432936,0.940530437627739,0.882525548410956,0.095673584241998,10284,1088,393,13563,0.93808324227281
selected_feature_mlp,55,cic2017,heterogeneous,14.792747770999997,6332,0.551010739102969,0.4489892608970309,0.910138976626658,0.899929651776293,0.859783144406111,1.0,0.924605803630582,0.906703918035732,0.829280137885217,0.200140696447415,2274,569,0,3489,0.899929651776293
selected_feature_mlp,55,cic2018,heterogeneous,14.792747770999997,6332,0.551010739102969,0.4489892608970309,0.999210360075805,0.999120647203658,0.998568975386377,1.0,0.999283975368753,0.999201924315251,0.998405121453553,0.001758705592684,2838,5,0,3489,0.999120647203658
selected_feature_mlp,55,darpa,heterogeneous,14.792747770999997,6332,0.551010739102969,0.4489892608970309,0.92293114339861,0.929935669382302,0.998670654702559,0.86127830323875,0.924899969221299,0.922878139005719,0.856438384004901,0.001406964474147,2839,4,484,3005,0.929935669382302
selected_feature_mlp,55,unsw-nb15,same_domain_reextraction,14.792747770999997,6332,0.551010739102969,0.4489892608970309,0.923720783322805,0.915054519873373,0.878398791540785,1.0,0.935263369521512,0.921216155258546,0.853912628645709,0.169890960253254,2360,483,0,3489,0.915054519873373
selected_feature_mlp,55,POOLED_ALL_ROWS,pooled_row_weighted,14.792747770999997,25328,0.551010739102969,0.4489892608970309,0.93900031585597,0.936010122058906,0.926993738388495,0.965319575809688,0.945768542244375,0.938035171108654,0.877074557596796,0.093299331691875,10311,1061,484,13472,0.936010122058906
vinayakumar_dnn,11,cic2017,heterogeneous,65.3960918539999,6332,0.551010739102969,0.4489892608970309,0.509001895135818,0.536742580848286,0.629427792915531,0.264832330180568,0.372806132741578,0.484703312899918,0.086612137719188,0.191347168483996,2299,544,2565,924,0.536742580848286
vinayakumar_dnn,11,cic2018,heterogeneous,65.3960918539999,6332,0.551010739102969,0.4489892608970309,0.810644346178143,0.815507246683638,0.873207301173403,0.767841788478074,0.817141985664176,0.810404953860416,0.62802292356691,0.136827295110798,2454,389,810,2679,0.815507246683638
vinayakumar_dnn,11,darpa,heterogeneous,65.3960918539999,6332,0.551010739102969,0.4489892608970309,0.88660770688566,0.888150356877607,0.917193616380608,0.873029521352823,0.894566813509545,0.885957817414151,0.773177281397306,0.096728807597608,2568,275,443,3046,0.888150356877607
vinayakumar_dnn,11,unsw-nb15,same_domain_reextraction,65.3960918539999,6332,0.551010739102969,0.4489892608970309,0.509633607075174,0.543795852237276,0.67877094972067,0.208942390369733,0.319526627218935,0.468120306573299,0.116088569729949,0.121350685895181,2498,345,2760,729,0.543795852237276
vinayakumar_dnn,11,POOLED_ALL_ROWS,pooled_row_weighted,65.3960918539999,25328,0.551010739102969,0.4489892608970309,0.678971888818699,0.696049009161702,0.826111297727018,0.5286615075953,0.644732817756805,0.675962145131058,0.40818901241357,0.136563489271896,9819,1553,6578,7378,0.696049009161702
vinayakumar_dnn,22,cic2017,heterogeneous,57.03088866999997,6332,0.551010739102969,0.4489892608970309,0.688408085912824,0.663297301291724,0.656935817805383,0.909429635998854,0.762832071162399,0.654373457905711,0.381890967035857,0.582835033415406,1186,1657,316,3173,0.663297301291724
vinayakumar_dnn,22,cic2018,heterogeneous,57.03088866999997,6332,0.551010739102969,0.4489892608970309,0.677668982943778,0.650849657942096,0.646915584415584,0.913728862138148,0.757514553879054,0.638470015343106,0.36123875472208,0.612029546253957,1103,1740,301,3188,0.650849657942096
vinayakumar_dnn,22,darpa,heterogeneous,57.03088866999997,6332,0.551010739102969,0.4489892608970309,0.748104864181933,0.740782673891826,0.750794491525424,0.812553740326741,0.780454232622161,0.74251457695194,0.488199944446784,0.330988392543088,1902,941,654,2835,0.740782673891826
vinayakumar_dnn,22,unsw-nb15,same_domain_reextraction,57.03088866999997,6332,0.551010739102969,0.4489892608970309,0.650189513581807,0.62028074365069,0.624901960784314,0.913442247062195,0.742112003725696,0.599276860758553,0.302255750918634,0.672880759760816,930,1913,302,3187,0.62028074365069
vinayakumar_dnn,22,POOLED_ALL_ROWS,pooled_row_weighted,57.03088866999997,25328,0.551010739102969,0.4489892608970309,0.691092861655085,0.668802594194084,0.664537941397445,0.887288621381485,0.75992635777846,0.663423823193448,0.380813309490685,0.549683432993317,5121,6251,1573,12383,0.668802594194084
vinayakumar_dnn,33,cic2017,heterogeneous,56.513183476,6332,0.551010739102969,0.4489892608970309,0.673404927353127,0.64593833773539,0.643101711983887,0.915161937517913,0.755382067660279,0.63208533311755,0.352853493637404,0.623285262047133,1071,1772,296,3193,0.64593833773539
vinayakumar_dnn,33,cic2018,heterogeneous,56.513183476,6332,0.551010739102969,0.4489892608970309,0.667561591914087,0.63822629525466,0.636327817178881,0.925766695328174,0.754232340922358,0.620346226572426,0.344829134439044,0.649314104818853,997,1846,259,3230,0.63822629525466
vinayakumar_dnn,33,darpa,heterogeneous,56.513183476,6332,0.551010739102969,0.4489892608970309,0.757738471257107,0.750143131112939,0.757304553829955,0.824591573516767,0.789517014270033,0.752087376182636,0.507931620837863,0.32430531129089,1921,922,612,2877,0.750143131112939
vinayakumar_dnn,33,unsw-nb15,same_domain_reextraction,56.513183476,6332,0.551010739102969,0.4489892608970309,0.659981048641819,0.630761399048535,0.631911532385466,0.917168243049584,0.748275458903309,0.612279300845476,0.325043880041641,0.655645444952515,979,1864,289,3200,0.630761399048535
vinayakumar_dnn,33,POOLED_ALL_ROWS,pooled_row_weighted,56.513183476,25328,0.551010739102969,0.4489892608970309,0.689671509791535,0.666267290787881,0.661235717308506,0.89567211235311,0.76080340839927,0.659565561246162,0.380150968640383,0.563137530777348,4968,6404,1456,12500,0.666267290787881
vinayakumar_dnn,44,cic2017,heterogeneous,56.622253344,6332,0.551010739102969,0.4489892608970309,0.678300694883133,0.650055241199743,0.644736842105263,0.926913155631986,0.760493827160494,0.635356314878636,0.367886093177026,0.626802673232501,1061,1782,255,3234,0.650055241199743
vinayakumar_dnn,44,cic2018,heterogeneous,56.622253344,6332,0.551010739102969,0.4489892608970309,0.666929879974732,0.636969241655625,0.634923738756355,0.930639151619375,0.754852958270371,0.617761372018712,0.345690906532742,0.656700668308125,976,1867,242,3247,0.636969241655625
vinayakumar_dnn,44,darpa,heterogeneous,56.622253344,6332,0.551010739102969,0.4489892608970309,0.747946936197094,0.741616256992606,0.754777927321669,0.803668672972198,0.778456413103831,0.743074360398069,0.488105601915956,0.320436158986986,1932,911,685,2804,0.741616256992606
vinayakumar_dnn,44,unsw-nb15,same_domain_reextraction,56.622253344,6332,0.551010739102969,0.4489892608970309,0.659665192672142,0.62940020426995,0.630070202808112,0.926053310404127,0.749912962748056,0.608709878952481,0.328032308613267,0.667252901864228,946,1897,258,3231,0.62940020426995
vinayakumar_dnn,44,POOLED_ALL_ROWS,pooled_row_weighted,56.622253344,25328,0.551010739102969,0.4489892608970309,0.688210675931775,0.664510236029481,0.659674273968271,0.896818572656922,0.760180995475113,0.657351173542825,0.377481825148334,0.56779810059796,4915,6457,1440,12516,0.664510236029481
vinayakumar_dnn,55,cic2017,heterogeneous,57.02379377599982,6332,0.551010739102969,0.4489892608970309,0.512318382817435,0.54144531625297,0.644765342960289,0.255947262826025,0.366434140336479,0.485014246034735,0.099735214551413,0.173056630320084,2351,492,2596,893,0.54144531625297
vinayakumar_dnn,55,cic2018,heterogeneous,57.02379377599982,6332,0.551010739102969,0.4489892608970309,0.822804801010739,0.82813751515113,0.88841483426321,0.775867010604758,0.828335373317013,0.822620689269473,0.65331236983742,0.119591980302497,2503,340,782,2707,0.82813751515113
vinayakumar_dnn,55,darpa,heterogeneous,57.02379377599982,6332,0.551010739102969,0.4489892608970309,0.882817435249526,0.886013496817847,0.926950575069941,0.854686156491831,0.889352818371608,0.882407191327462,0.768098371204806,0.082659162856138,2608,235,507,2982,0.886013496817847
vinayakumar_dnn,55,unsw-nb15,same_domain_reextraction,57.02379377599982,6332,0.551010739102969,0.4489892608970309,0.496841440303222,0.533327647406396,0.664138678223185,0.175695041559186,0.277878513145966,0.445895146054321,0.093953773379668,0.109039746746395,2533,310,2876,613,0.533327647406396
vinayakumar_dnn,55,POOLED_ALL_ROWS,pooled_row_weighted,57.02379377599982,25328,0.551010739102969,0.4489892608970309,0.678695514845231,0.697230993907086,0.839360709286048,0.51554886787045,0.638760653409091,0.674720201562338,0.414646312784467,0.121086880056279,9995,1377,6761,7195,0.697230993907086
rf_selected_1dcnn,11,cic2017,heterogeneous,144.46563305400014,6332,0.551010739102969,0.4489892608970309,0.944409349336703,0.938093563137531,0.908357198646186,1.0,0.951978171896317,0.942993210432598,0.892127167792276,0.123812873724938,2491,352,0,3489,0.938093563137531
rf_selected_1dcnn,11,cic2018,heterogeneous,144.46563305400014,6332,0.551010739102969,0.4489892608970309,0.953095388502843,0.952129888750404,0.953666856168277,0.961593579822299,0.957613814756672,0.952556244482808,0.905153351517753,0.057333802321491,2680,163,134,3355,0.952129888750404
rf_selected_1dcnn,11,darpa,heterogeneous,144.46563305400014,6332,0.551010739102969,0.4489892608970309,0.924510423246999,0.926484291568284,0.953600482072913,0.90713671539123,0.92978848413631,0.9240814005381,0.849510513197747,0.054168132254661,2689,154,324,3165,0.926484291568284
rf_selected_1dcnn,11,unsw-nb15,same_domain_reextraction,144.46563305400014,6332,0.551010739102969,0.4489892608970309,0.944883133291219,0.938621174815336,0.909067222511725,1.0,0.952367954142214,0.943487705757635,0.893013026919772,0.122757650369328,2494,349,0,3489,0.938621174815336
rf_selected_1dcnn,11,POOLED_ALL_ROWS,pooled_row_weighted,144.46563305400014,25328,0.551010739102969,0.4489892608970309,0.941724573594441,0.938832229567889,0.929870487737669,0.967182573803382,0.948159595391964,0.940812578078239,0.882573573971875,0.089518114667605,10354,1018,458,13498,0.938832229567889
rf_selected_1dcnn,22,cic2017,heterogeneous,133.44861657399997,6332,0.551010739102969,0.4489892608970309,0.939039797852179,0.933286232888914,0.907967394162503,0.989681857265692,0.947065277015908,0.93760560946849,0.880047721712291,0.123109391487865,2493,350,36,3453,0.933286232888914
rf_selected_1dcnn,22,cic2018,heterogeneous,133.44861657399997,6332,0.551010739102969,0.4489892608970309,0.952937460518004,0.951042253594963,0.946293706293706,0.969618801948983,0.957814269535674,0.952299991910694,0.904960727470104,0.067534294759057,2651,192,106,3383,0.951042253594963
rf_selected_1dcnn,22,darpa,heterogeneous,133.44861657399997,6332,0.551010739102969,0.4489892608970309,0.924036639292483,0.923840083506507,0.935689455388181,0.925766695328174,0.930701628007492,0.923327399710543,0.846718988486064,0.07808652831516,2621,222,259,3230,0.923840083506507
rf_selected_1dcnn,22,unsw-nb15,same_domain_reextraction,133.44861657399997,6332,0.551010739102969,0.4489892608970309,0.945988629185092,0.939884831751506,0.910942804909898,0.999713384924047,0.953265919650178,0.944646427838557,0.895024222501251,0.119943721421034,2502,341,1,3488,0.939884831751506
rf_selected_1dcnn,22,POOLED_ALL_ROWS,pooled_row_weighted,133.44861657399997,25328,0.551010739102969,0.4489892608970309,0.940500631711939,0.937013350435472,0.924619687563954,0.971195184866724,0.947335313646689,0.939481367635014,0.880459889952929,0.097168483995779,10267,1105,402,13554,0.937013350435472
rf_selected_1dcnn,33,cic2017,heterogeneous,137.822517909,6332,0.551010739102969,0.4489892608970309,0.943461781427669,0.941206406507281,0.935950988582568,0.963313270278017,0.949435028248588,0.942661640198792,0.885826156413731,0.080900457263454,2613,230,128,3361,0.941206406507281
rf_selected_1dcnn,33,cic2018,heterogeneous,137.822517909,6332,0.551010739102969,0.4489892608970309,0.955148452305749,0.955816415936444,0.968704299502779,0.94926913155632,0.958888245512449,0.954774213096739,0.909785643800034,0.037636299683433,2736,107,177,3312,0.955816415936444
rf_selected_1dcnn,33,darpa,heterogeneous,137.822517909,6332,0.551010739102969,0.4489892608970309,0.929090334807328,0.932366050298073,0.968846391116595,0.900257953568358,0.933293715644035,0.928807653372329,0.86046805310371,0.035525852972212,2742,101,348,3141,0.932366050298073
rf_selected_1dcnn,33,unsw-nb15,same_domain_reextraction,137.822517909,6332,0.551010739102969,0.4489892608970309,0.950094756790903,0.944424903271192,0.916951379763469,1.0,0.956676720592268,0.94891564148794,0.902791258548471,0.111150193457615,2527,316,0,3489,0.944424903271192
rf_selected_1dcnn,33,POOLED_ALL_ROWS,pooled_row_weighted,137.822517909,25328,0.551010739102969,0.4489892608970309,0.944448831332912,0.943453444003247,0.946361243508572,0.953210088850674,0.949773319530218,0.943817455154413,0.887665592895007,0.066303200844179,10618,754,653,13303,0.943453444003247
rf_selected_1dcnn,44,cic2017,heterogeneous,135.68399586700002,6332,0.551010739102969,0.4489892608970309,0.939355653821857,0.933442595879699,0.907159716758458,0.99140154772141,0.947411668036155,0.937898299516026,0.880953555145518,0.124516355962012,2489,354,30,3459,0.933442595879699
rf_selected_1dcnn,44,cic2018,heterogeneous,135.68399586700002,6332,0.551010739102969,0.4489892608970309,0.950252684775742,0.948280395236443,0.943543879262158,0.967612496417312,0.955426630819301,0.94957324036945,0.899531798576254,0.071051705944425,2641,202,113,3376,0.948280395236443
rf_selected_1dcnn,44,darpa,heterogeneous,135.68399586700002,6332,0.551010739102969,0.4489892608970309,0.920720151610865,0.916955625675267,0.907059144180976,0.953854972771568,0.929868678401788,0.919347706436637,0.840232176954553,0.119943721421034,2502,341,161,3328,0.916955625675267
rf_selected_1dcnn,44,unsw-nb15,same_domain_reextraction,135.68399586700002,6332,0.551010739102969,0.4489892608970309,0.94330385344283,0.937448603605906,0.910545645330535,0.994840928632846,0.950828653609095,0.941944254084055,0.889035756520942,0.119943721421034,2502,341,18,3471,0.937448603605906
rf_selected_1dcnn,44,POOLED_ALL_ROWS,pooled_row_weighted,135.68399586700002,25328,0.551010739102969,0.4489892608970309,0.938408085912824,0.934031805099329,0.916756320602474,0.976927486385784,0.945885944220896,0.937209052374329,0.8769664540131,0.108863876187126,10134,1238,322,13634,0.934031805099329
rf_selected_1dcnn,55,cic2017,heterogeneous,132.3396004860001,6332,0.551010739102969,0.4489892608970309,0.916929879974732,0.912246286933448,0.897931775449906,0.958154198910863,0.927066001109262,0.915293822271432,0.833186271188664,0.133661625043968,2463,380,146,3343,0.912246286933448
rf_selected_1dcnn,55,cic2018,heterogeneous,132.3396004860001,6332,0.551010739102969,0.4489892608970309,0.8924510423247,0.902277314552838,0.998579545454545,0.805961593579822,0.891990483743061,0.892449086815704,0.805292573656419,0.001406964474147,2839,4,677,2812,0.902277314552838
rf_selected_1dcnn,55,darpa,heterogeneous,132.3396004860001,6332,0.551010739102969,0.4489892608970309,0.888344914718888,0.882758253238886,0.869946808510638,0.937517913442247,0.902469306111188,0.885953027940174,0.775289798817153,0.172001406964474,2354,489,218,3271,0.882758253238886
rf_selected_1dcnn,55,unsw-nb15,same_domain_reextraction,132.3396004860001,6332,0.551010739102969,0.4489892608970309,0.915824384080859,0.91173157948699,0.900976668475312,0.951848667239897,0.925714285714286,0.914305494105093,0.830444289769989,0.128385508265916,2478,365,168,3321,0.91173157948699
rf_selected_1dcnn,55,POOLED_ALL_ROWS,pooled_row_weighted,132.3396004860001,25328,0.551010739102969,0.4489892608970309,0.903387555274795,0.902253358553041,0.911476582052199,0.913370593293207,0.912422604774346,0.902348216320697,0.804698846949295,0.108863876187126,10134,1238,1209,12747,0.902253358553041
nb_embedding_svm,11,cic2017,heterogeneous,6.831340650000129,6332,0.551010739102969,0.4489892608970309,0.898610233733418,0.887091100949701,0.844589687726943,1.0,0.915748031496063,0.894234047468888,0.808619999842926,0.225817798100598,2201,642,0,3489,0.887091100949701
nb_embedding_svm,11,cic2018,heterogeneous,6.831340650000129,6332,0.551010739102969,0.4489892608970309,0.999210360075805,0.999120647203658,0.998568975386377,1.0,0.999283975368753,0.999201924315251,0.998405121453553,0.001758705592684,2838,5,0,3489,0.999120647203658
nb_embedding_svm,11,darpa,heterogeneous,6.831340650000129,6332,0.551010739102969,0.4489892608970309,0.952305748578648,0.956525745403346,0.998124413879337,0.915161937517913,0.954844497607656,0.952154511186693,0.908336711360547,0.002110446711221,2837,6,296,3193,0.956525745403346
nb_embedding_svm,11,unsw-nb15,same_domain_reextraction,6.831340650000129,6332,0.551010739102969,0.4489892608970309,0.931933038534428,0.924199788955329,0.890051020408163,1.0,0.941827507085977,0.929905190269915,0.868975782190296,0.151600422089342,2412,431,0,3489,0.924199788955329
nb_embedding_svm,11,POOLED_ALL_ROWS,pooled_row_weighted,6.831340650000129,25328,0.551010739102969,0.4489892608970309,0.945514845230575,0.941734320628009,0.926478567552903,0.978790484379478,0.95191637630662,0.944531698810989,0.890958484695358,0.095321843123461,10288,1084,296,13660,0.941734320628009
nb_embedding_svm,22,cic2017,heterogeneous,7.438522604999889,6332,0.551010739102969,0.4489892608970309,0.991629816803538,0.990678860358776,0.985036702428007,1.0,0.992461954202816,0.991526556721504,0.983195490794116,0.018642279282448,2790,53,0,3489,0.990678860358776
nb_embedding_svm,22,cic2018,heterogeneous,7.438522604999889,6332,0.551010739102969,0.4489892608970309,0.999210360075805,0.999120647203658,0.998568975386377,1.0,0.999283975368753,0.999201924315251,0.998405121453553,0.001758705592684,2838,5,0,3489,0.999120647203658
nb_embedding_svm,22,darpa,heterogeneous,7.438522604999889,6332,0.551010739102969,0.4489892608970309,0.956885660138977,0.960746790047249,0.998759305210918,0.922900544568644,0.959332638164755,0.956728997623799,0.916839270307559,0.001406964474147,2839,4,269,3220,0.960746790047249
nb_embedding_svm,22,unsw-nb15,same_domain_reextraction,7.438522604999889,6332,0.551010739102969,0.4489892608970309,0.816329753632344,0.795462539570876,0.75,1.0,0.857142857142857,0.80000631691987,0.66572802957087,0.409074920858248,1680,1163,0,3489,0.795462539570876
nb_embedding_svm,22,POOLED_ALL_ROWS,pooled_row_weighted,7.438522604999889,25328,0.551010739102969,0.4489892608970309,0.941013897662666,0.93650220929514,0.917851394849785,0.980725136142161,0.948247194124983,0.939838669579473,0.882463831706014,0.107720717551882,10147,1225,269,13687,0.93650220929514
nb_embedding_svm,33,cic2017,heterogeneous,7.662656571999832,6332,0.551010739102969,0.4489892608970309,0.905874921036008,0.895181146676046,0.854100367197062,1.0,0.921309743860576,0.902108702971545,0.821613488795513,0.209637706647907,2247,596,0,3489,0.895181146676046
nb_embedding_svm,33,cic2018,heterogeneous,7.662656571999832,6332,0.551010739102969,0.4489892608970309,0.999210360075805,0.999120647203658,0.998568975386377,1.0,0.999283975368753,0.999201924315251,0.998405121453553,0.001758705592684,2838,5,0,3489,0.999120647203658
nb_embedding_svm,33,darpa,heterogeneous,7.662656571999832,6332,0.551010739102969,0.4489892608970309,0.952305748578648,0.956558308424638,0.99843603378167,0.91487532244196,0.954830990128627,0.952156211022828,0.908395700426299,0.001758705592684,2838,5,297,3192,0.956558308424638
nb_embedding_svm,33,unsw-nb15,same_domain_reextraction,7.662656571999832,6332,0.551010739102969,0.4489892608970309,0.926879343019583,0.918571931058741,0.882844129554656,1.0,0.937777180486494,0.924565404334765,0.859690376974833,0.162856137882519,2380,463,0,3489,0.918571931058741
nb_embedding_svm,33,POOLED_ALL_ROWS,pooled_row_weighted,7.662656571999832,25328,0.551010739102969,0.4489892608970309,0.946067593177511,0.942358008340771,0.927417164584465,0.97871883061049,0.95237763212941,0.945103798769966,0.89202694938614,0.094002813928948,10303,1069,297,13659,0.942358008340771
nb_embedding_svm,44,cic2017,heterogeneous,8.032809551000355,6332,0.551010739102969,0.4489892608970309,0.884396715097915,0.871262750615547,0.826581378820185,1.0,0.905058365758755,0.878649489702147,0.783426928702828,0.257474498768906,2111,732,0,3489,0.871262750615547
nb_embedding_svm,44,cic2018,heterogeneous,8.032809551000355,6332,0.551010739102969,0.4489892608970309,0.999210360075805,0.999120647203658,0.998568975386377,1.0,0.999283975368753,0.999201924315251,0.998405121453553,0.001758705592684,2838,5,0,3489,0.999120647203658
nb_embedding_svm,44,darpa,heterogeneous,8.032809551000355,6332,0.551010739102969,0.4489892608970309,0.952621604548326,0.956844923500591,0.998437011566114,0.915448552593866,0.955143540669856,0.952471368728502,0.908971771236379,0.001758705592684,2838,5,295,3194,0.956844923500591
nb_embedding_svm,44,unsw-nb15,same_domain_reextraction,8.032809551000355,6332,0.551010739102969,0.4489892608970309,0.944567277321541,0.938269433696799,0.90859375,1.0,0.952108063855915,0.943158061918585,0.892422398052571,0.123461132606402,2492,351,0,3489,0.938269433696799
nb_embedding_svm,44,POOLED_ALL_ROWS,pooled_row_weighted,8.032809551000355,25328,0.551010739102969,0.4489892608970309,0.945198989260897,0.941374438754149,0.925918395011522,0.978862138148467,0.951654475792407,0.944204163076191,0.890351587312294,0.096113260640169,10279,1093,295,13661,0.941374438754149
nb_embedding_svm,55,cic2017,heterogeneous,7.157601616000193,6332,0.551010739102969,0.4489892608970309,0.989576753000632,0.988392543088287,0.981434599156118,1.0,0.990630323679727,0.989443275718867,0.979107082761319,0.023214913823426,2777,66,0,3489,0.988392543088287
nb_embedding_svm,55,cic2018,heterogeneous,7.157601616000193,6332,0.551010739102969,0.4489892608970309,0.999210360075805,0.999120647203658,0.998568975386377,1.0,0.999283975368753,0.999201924315251,0.998405121453553,0.001758705592684,2838,5,0,3489,0.999120647203658
nb_embedding_svm,55,darpa,heterogeneous,7.157601616000193,6332,0.551010739102969,0.4489892608970309,0.956096020214782,0.959997689336074,0.99844768705371,0.921754084264832,0.958569299552906,0.955938999793249,0.915333152548322,0.001758705592684,2838,5,273,3216,0.959997689336074
nb_embedding_svm,55,unsw-nb15,same_domain_reextraction,7.157601616000193,6332,0.551010739102969,0.4489892608970309,0.821857233101706,0.801618009145269,0.755685510071475,1.0,0.860843819393042,0.806683427906262,0.675171621275192,0.396763981709462,1715,1128,0,3489,0.801618009145269
nb_embedding_svm,55,POOLED_ALL_ROWS,pooled_row_weighted,7.157601616000193,25328,0.551010739102969,0.4489892608970309,0.941685091598231,0.937282222193322,0.919124067978773,0.980438521066208,0.948791734562979,0.940539909824927,0.883722842625714,0.105874076679564,10168,1204,273,13683,0.937282222193322
seq2seq_convlstm,11,cic2017,heterogeneous,620.2255050670001,6325,0.5508300395256917,0.4491699604743083,0.945138339920949,0.943802128986293,0.944208439535542,0.956946039035591,0.950534568781183,0.944477577203369,0.889061916337674,0.069341781063006,2644,197,150,3334,0.943802128986293
seq2seq_convlstm,11,cic2018,heterogeneous,620.2255050670001,6325,0.5509881422924902,0.4490118577075099,0.947351778656127,0.947205831834623,0.955491329479769,0.948637015781922,0.952051835853132,0.946840992422622,0.893712130521042,0.054225352112676,2686,154,179,3306,0.947205831834623
seq2seq_convlstm,11,darpa,heterogeneous,620.2255050670001,6325,0.5509881422924902,0.4490118577075099,0.936758893280632,0.937690959241821,0.955417773841157,0.928550932568149,0.941792782305006,0.936282337846861,0.873020896339013,0.053169014084507,2689,151,249,3236,0.937690959241821
seq2seq_convlstm,11,unsw-nb15,same_domain_reextraction,620.2255050670001,6325,0.5511462450592886,0.4488537549407114,0.93802371541502,0.934982166880171,0.925936123348018,0.964716006884682,0.944928350660298,0.937033951179751,0.875098096308487,0.09475167312434,2570,269,123,3363,0.934982166880171
seq2seq_convlstm,11,POOLED_ALL_ROWS,pooled_row_weighted,620.2255050670001,25300,0.5509881422924902,0.4490118577075099,0.941818181818182,0.940921668822115,0.944967880085653,0.949713055954089,0.947334525939177,0.941172781733385,0.882360284625507,0.067869718309859,10589,771,701,13239,0.940921668822115
seq2seq_convlstm,22,cic2017,heterogeneous,522.0278904639999,6325,0.5508300395256917,0.4491699604743083,0.939762845849802,0.939539822211338,0.948540040474125,0.941733639494834,0.94512458591387,0.939182233380976,0.878394362504246,0.062653995072158,2663,178,203,3281,0.939539822211338
seq2seq_convlstm,22,cic2018,heterogeneous,522.0278904639999,6325,0.5509881422924902,0.4490118577075099,0.944189723320158,0.944108301170004,0.953387376954256,0.944906743185079,0.949128116443292,0.943658787691091,0.887363753661322,0.05669014084507,2679,161,192,3293,0.944108301170004
seq2seq_convlstm,22,darpa,heterogeneous,522.0278904639999,6325,0.5509881422924902,0.4490118577075099,0.926482213438735,0.931200113161032,0.979669631512071,0.88493543758967,0.929895974672094,0.926307468805218,0.857913405032554,0.022535211267606,2776,64,401,3084,0.931200113161032
seq2seq_convlstm,22,unsw-nb15,same_domain_reextraction,522.0278904639999,6325,0.5511462450592886,0.4488537549407114,0.936126482213439,0.933326371454721,0.926161504424779,0.960699942627653,0.943114615601239,0.935147790857577,0.871109580403276,0.094047199718211,2572,267,137,3349,0.933326371454721
seq2seq_convlstm,22,POOLED_ALL_ROWS,pooled_row_weighted,522.0278904639999,25300,0.5509881422924902,0.4490118577075099,0.936640316205534,0.937045714025906,0.951012648972728,0.933070301291248,0.941956041568599,0.936104418556566,0.872414492554871,0.058978873239437,10690,670,933,13007,0.937045714025906
seq2seq_convlstm,33,cic2017,heterogeneous,612.82581643,6325,0.5508300395256917,0.4491699604743083,0.945770750988142,0.944700993448807,0.946799431009957,0.955223880597015,0.950992998999857,0.945147888634595,0.890342204867685,0.065821893699402,2654,187,156,3328,0.944700993448807
seq2seq_convlstm,33,cic2018,heterogeneous,612.82581643,6325,0.5509881422924902,0.4490118577075099,0.949090909090909,0.949012114292643,0.957477581718253,0.949784791965567,0.953615672716796,0.948601809729106,0.897241498481773,0.051760563380282,2693,147,175,3310,0.949012114292643
seq2seq_convlstm,33,darpa,heterogeneous,612.82581643,6325,0.5509881422924902,0.4490118577075099,0.937391304347826,0.938525521854224,0.95762962962963,0.927403156384505,0.942274052478134,0.936940135047357,0.874455139044226,0.050352112676056,2697,143,253,3232,0.938525521854224
seq2seq_convlstm,33,unsw-nb15,same_domain_reextraction,612.82581643,6325,0.5511462450592886,0.4488537549407114,0.939446640316206,0.936403794617912,0.927057528213598,0.966150315547906,0.946200309032167,0.938477120706646,0.878000321264012,0.093342726312082,2574,265,118,3368,0.936403794617912
seq2seq_convlstm,33,POOLED_ALL_ROWS,pooled_row_weighted,612.82581643,25300,0.5509881422924902,0.4490118577075099,0.942924901185771,0.94216220926708,0.94692417739628,0.949641319942611,0.948280802292264,0.942306185978583,0.884617182366315,0.065316901408451,10618,742,702,13238,0.94216220926708
seq2seq_convlstm,44,cic2017,heterogeneous,550.2816490680002,6325,0.5508300395256917,0.4491699604743083,0.943399209486166,0.941996115596172,0.942275042444822,0.955797933409874,0.948988315759476,0.942711487425192,0.885543597636331,0.071805702217529,2637,204,154,3330,0.941996115596172
seq2seq_convlstm,44,cic2018,heterogeneous,550.2816490680002,6325,0.5509881422924902,0.4490118577075099,0.946719367588933,0.945947673126276,0.949971412235563,0.95351506456241,0.951739939853931,0.946136424841382,0.892281014289358,0.061619718309859,2665,175,162,3323,0.945947673126276
seq2seq_convlstm,44,darpa,heterogeneous,550.2816490680002,6325,0.5509881422924902,0.4490118577075099,0.93201581027668,0.934396912320407,0.963581183611533,0.911047345767575,0.936578171091445,0.931662169021021,0.865024210615715,0.042253521126761,2720,120,310,3175,0.934396912320407
seq2seq_convlstm,44,unsw-nb15,same_domain_reextraction,550.2816490680002,6325,0.5511462450592886,0.4488537549407114,0.936284584980237,0.933077552498526,0.923372699807745,0.964429145152037,0.943454468921005,0.935243439421574,0.871646642895481,0.098274040154984,2560,279,124,3362,0.933077552498526
seq2seq_convlstm,44,POOLED_ALL_ROWS,pooled_row_weighted,550.2816490680002,25300,0.5509881422924902,0.4490118577075099,0.939604743083004,0.93885603794936,0.944301260022909,0.946197991391679,0.945248674215279,0.938956083978783,0.87791451612916,0.068485915492958,10582,778,750,13190,0.93885603794936
seq2seq_convlstm,55,cic2017,heterogeneous,564.6881313800004,6325,0.5508300395256917,0.4491699604743083,0.939604743083004,0.937869694254744,0.936655405405405,0.954936854190585,0.945707788516202,0.938831806620053,0.877886074939379,0.079197465681098,2616,225,157,3327,0.937869694254744
seq2seq_convlstm,55,cic2018,heterogeneous,564.6881313800004,6325,0.5509881422924902,0.4490118577075099,0.943715415019763,0.943286873320266,0.950215827338129,0.947489239598278,0.948850574712644,0.943142334807991,0.886289478257949,0.060915492957746,2667,173,183,3302,0.943286873320266
seq2seq_convlstm,55,darpa,heterogeneous,564.6881313800004,6325,0.5509881422924902,0.4490118577075099,0.930592885375494,0.931541616990321,0.950325251330574,0.922238163558106,0.936071064511432,0.930079454095591,0.860659384835778,0.059154929577465,2672,168,271,3214,0.931541616990321
seq2seq_convlstm,55,unsw-nb15,same_domain_reextraction,564.6881313800004,6325,0.5511462450592886,0.4488537549407114,0.933438735177866,0.930299671993464,0.921595598349381,0.960986804360298,0.940879090015447,0.932367560923802,0.865802929107624,0.100387460373371,2554,285,136,3350,0.930299671993464
seq2seq_convlstm,55,POOLED_ALL_ROWS,pooled_row_weighted,564.6881313800004,25300,0.5509881422924902,0.4490118577075099,0.936837944664032,0.935750613797563,0.939404727997721,0.946413199426112,0.94289594053745,0.93611899962847,0.87227033565201,0.074911971830986,10509,851,747,13193,0.935750613797563
